product_id,product_name,actual_price,percent_discount
0,High-end Lenovo Laptop ThinkPad X1 Carbon 2022 Gen 10 14 Inch 2.2K Led Backlit Screen i7-1260P 16GB LPDDR5 5200Win11 Pro 4G LTE ,79150.5,0
1,High-end Lenovo Laptop ThinkPad P15v Gen 3 2022 15.6 Inch FHD i7-12700H i7-11800H 10750H 64GB Ram 4TB SSD Nvidia Pro Graphics ,60154.38,0
2,2022 Professional Lenovo Gaming Laptop Legion Y9000P With i7-12700H NVIDIA RTX 3070Ti 8GB GPU 16GB Ram Backlit 15.6 Inch 165Hz ,60154.38,0
3,"New A2681 Laptop LCD Screen Display Assembly For Macbook Air A2681 Retina 13.6"" 2022 Year Glass Panel Assembly Replacement Parts ",2449.91,9
4,2024 Ultrabook Laptop 15.6 inch AMD R7 4700U/R5 4500U Backlit Keyboard Windows 36GB DDR4 2TB Fingerprint Unlock Gaming Notebook ,9839.04,44
5,Intel i9-10885H GTX1650 64G 512GB SSD Gaming Laptop 17.3 inch FHD IPS Laptop Windows 10 Pro Computer PC Laptops Metal Notebook ,23001.92,0
6,10.9 Inch Mini Laptop Intel N95 YOGA Touchscreens 16GB DDR5 2TB SSD HD Camera Backlit Keyboard 360° Fold Protable Tablet Laptop ,7867.4,44
7,Portable SSD 1TB High-speed Mobile Solid State Drive 500GB External Storage Decives Type-C USB 3.1 Interface for Laptop/PC/ Mac ,293.86,55
8,Win 11 Pro Intel Celeron J4125 15.6 Inch Windows11 Pro 1920*1080 Game Office Laptop 12GB RAM 512GB/1TB SSD Windows 10 NoteBook ,5382.08,43
9,Topton L10 Dual Screen Laptop 15.6 Inch IPS + 7'' Touch 12th Gen Intel N100 Max 32G DDR4 2T SSD Slim Office Notebook PC Computer ,9450.73,40
10,Best Laptop HUAWEI MateBook 14s 2022 Notebook PC i7-11370H 4.8GHz Iris Xe Graphics 14.2 Inch 2.5K Touch High Refresh Screen ,39575.25,0
11,YSJMNPC 15.6 Inch Gaming Laptop AMD Ryzen 9 6900HX/R7-8845HS 2*DDR5 MAX 64G 2Tb NVMe WIFI 6 BT 5.2 Esports Computer Notebook ,18259.23,44
12,Intel CARBAYTA Cheap Notebook 15.6 Inch Laptop Windows 11 10 Pro 1920*1080 Laptop 12G RAM 128G/256GB/512GB/1TB/2TB SSD HDMI Port ,7618.08,48
13,For Xiaomi Original High-speed SSD Portable External Solid State Hard Drive USB3.0 Interface Mobile Hard Drive For Laptop/mac ,232.83,82
14,CARBAYTA Laptop 15.6 Inch IPS Screen 16GB RAM  Intel 11th Celeron N5095 Netbook Windows 10 11 Pro Office Notebook Pc Portable ,6290.72,61
15,Cheap L10 Dual Screen Laptop 15.6 Inch IPS + 7'' Touch Intel Celeron N5095 Max 16G DDR4 2T SSD Slim Office Notebook PC Computer ,9704.96,40
16,New GPD WIN Max 2 10.1 Inch AMD 8840U/7840U Windows 11por mini Gaming Laptop Notebook Portable Game Computer 64GB RAM 2TB Nvme ,45938.95,52
17,GPD WIN Mini AMD 8840U/7640U 7Inch Handheld GamePad Tablet 64GB RAM 2TB ROM Pocket Mini PC Laptop Game Player Console ,14794.34,0
18,GPD Micro PC 6 Inches Mini Industry Laptop Intel Celeron Processor N4120 8GB/256GB Portable Laptop Computer Notebook OS Win10 ,11872.58,52
19,New! GPD WIN 4 WIN4 2024 AMD 8840U 6Inch Handheld GamePad Tablet Pocket Mini PC Laptop Game Player Console Computer Notebook ,14563.69,0
20,15.6 Inch Ultrabook Laptops AMD Ryzen R7 4700U Backlit Keyboard Gaming Notebook Windows11 por 36GB DDR4 2TB Fingerprint Unlock ,13074.55,42
21,GPD 2024 WIN Mini 32GB Memory 512GB 1TB  2TB SSD Hard Disk CPU AMD Ryzen Processor Handheld Gaming Laptop Mini PC Notebook ,14547.86,0
22,For Xiaomi Hard Disk Mobile SSD E61 2TB 8TB 256TB USB 3.1 HD External Hard for Laptop PS5 Mobile Hard Disk HDD Storage Devices ,662.44,82
23,16.1 Inch Gaming Laptop Computer GTX1650 4G Intel Core i9-10885H i7 10870H windows11 RAM Max 64GB DDR4 2*M.2 NVME 4TB SSD WiFi ,24345.74,44
24,"Fashion Dual Screen Laptops 11Th Gen Intel N5095 Processor Ultraslim 15.6"" IPS+i7"" Touchscreen For Business Student RGB Keyboard ",9704.96,40
25,Latest 2024 GPD WIN 2 10.1 Inch AMD 8840U 11por Gaming Laptop Portable Game Computer 64GB RAM 2TB Nvme PCIE4.0 SSD ,21452.71,0
26,Lenovo 2024 New High-speed External Hard Drive 500GB 2TB 4TB 8TB USB3.1 SSD 2.5 Inch Portable SSD 16TB Hard Disk for Laptop PS4 ,969.96,82
27,Intel 12th N95 Laptop 15.6 inch IPS Screen 16G 32GB RAM NVIDIA GeForce GTX 1060 4G Office Learning Computer Windows 10 11 Pro ,8532.11,33
28,cheapness Laptop 15.6 inch Windows 10 11 Pro 1920*1080 Cheap Portable Laptop DDR4 Ram 12GB Rom 128GB SSD  HDMI Port Notebook ,6331.72,54
29,New arrival! GPD WIN4 Win 4 2024 AMD 8840U 6Inch Handheld GamePad Tablet WIN10 Systerm Pocket Mini PC Laptop Game Player Console ,15830.1,0
30,Cheap L10 Dual Screen Laptop 15.6 Inch IPS + 7'' Touch Intel Celeron N5095 Max 16G DDR4 2T SSD Slim Office Notebook PC Computer ,5222.35,0
31,Latest 2024 GPD WIN Max 2 10.1 Inch AMD 8840U Windows 11por Gaming Laptop Portable Game Computer 64GB RAM 2TB Nvme PCIE4.0 SSD ,43089.53,52
32,10 12 15 17 Inch Embedded Industrial Computer All-in-one PC Panel with Capacitive Touch Screen Built-in WiFi for Win10 Pro ,11935.42,0
33,New GPD WIN Mini  7inch AMD 8840U 7Inch Handheld GamePad Tablet 64GB RAM 2TB PCIE4.0 SSD Pocket Mini Laptop Game Player Console ,28462.52,52
34,Best High-end HUAWEI Laptop PC MateBook X Pro 2021 New With 13.9 Inch 3000x2000 CNC Touch Screen i7-1165G7 Share Hidden Camera ,36647.95,0
35,MSI Pulse 15 Gaming Laptop 15.6 Inch QHD 2.5K 165Hz IPS Screen Notebook i7-13700H 16GB 1TB RTX4060 Gaming Computer Netbook Win11 ,40202.99,43
36,15 17 19 21.5 Inch Industrial Mini Tablet PC Panel Embedded All-in-One Computer with Capacitive Touch Screen Built-in WiFi ,11686.73,0
37,HUAWEI MateBook GT 14 Laptop 2024 Ultra 9-185H/Ultra 7-155/Ultra 5-125 Notebook 14.2-inch 2.8K OLED Touchscreen 140W AI 3D ,39551.97,35
38,2024 MSI Bravo 15 Gaming Laptop 15.6 Inch FHD 144Hz IPS Screen Notebook AMD Ryzen 9 7940HS 16GB 1TB RTX4060 Gaming Computer PC ,27189.29,33
39,GPD WIN 4 32GB Memory 2TB SSD Hard Disk Handheld Gaming Laptop Portable Mini PC AMD 7640U Processor Touch Screen 4G Lte Supports ,17032.41,0
40,GPD WIN Max 2 10.1-inch 2023 AMD Ryzen 7840U 32GB/64GB 1TB/2TB/ 4TB Windows 11 Portable Gaming Laptops ,26673.9,33
41,NEW! GPD WIN MINI 2023 AMD 7840U 7Inch Handheld GamePad Tablet Pocket Mini PC Laptop Game Player Console Computer Notebook ,18193.54,0
42,Precision Screwdriver Set Magnetic ScrewDriver Kit Bits Repair Tool For Laptop Tri Wing Torx Screwdrivers Small ,139.31,0
43,"Fashion Dual Screen Laptops 11Th Gen Intel N5095 Processor Ultraslim 15.6"" IPS+i7"" Touchscreen For Business Student RGB Keyboard ",6017.02,0
44,MSI Modern 14 Laptop 14 Inch FHD 60Hz IPS Screen Netbook i5-1155G7 16GB 512GB Working Notebook With Intel Iris Xe Graphics ,12916.5,33
45,New GPD Pocket 3 Mini Laptop PC Intel Core I7 16GB+1TB Pentium 7505 16GB 512GB 8 Inch Win10/11 Modular Full-featured Handheld ,19063.45,0
46,KLQDZMS Carry-on Suitcase Front Opening Laptop Boarding Case 20 Inch USB Charging Trolley Case Password Box Cabin Luggage ,3640.92,41
47,Xiaomi Redmi G 2022 Gaming Laptop 16 Inch 2.5K 165Hz Screen Notebook i7-12650H RTX3050Ti 16GB DDR5 512GB SSD Gaming Computer PC ,21811.56,42
48,12th Gen Intel Core i7-1260U 1165G7 Ultraslim Laptops 32GB RAM 2TB SSD Nvme 15.6” Full HD IPS Display Windows 11 Pro Lightweight ,14753.97,40
49,In Stock！GPD WIN Mini AMD 8840U/7640U 7Inch Handheld GamePad Tablet 64GB RAM 2TB ROM Pocket Mini PC Laptop Game Player Console ,28462.52,52
50,In Stock！GPD WIN 4 AMD 8840U/7640U 6Inch Handheld GamePad Tablet 64GB RAM 4TB ROM Pocket Mini PC Laptop Game Player Console ,32768.31,52
51,2023 HUAWEI MateBook X Pro Laptop i7-1360P 16/32GB 1/2TB 13th Core Notebook 14.2-inch 3.1k Touch-screen Computer HDR Vivid LTPS ,48121.52,42
52,NEW CABLETIME 8K USB C to HDMI Cable Type C Video Adapter 4K 144Hz Zinc Alloy for Macbook Air Samsung iPad Pro HUAWEI Laptop ,806.7,54
53,2024 MSI Raider GE78HX Gaming Laptop 17 Inch 2.5K QHD 240Hz Screen Notebook i9-14900HX 32GB 2TB RTX4090 Gaming Netbook Computer ,96317.64,33
54,Classic Lenovo Yangtian V14 Laptop 14 Inch FHD Screen i5-10210U Processor 8GB Ram 256GB 512GB SSD Quality Best Price HDMI ,17413.11,0
55,Xiaomi Redmi Book 14 2024 Laptop Intel Core I5-13500H 14inch 2.8K 120Hz Screen iris Xe Graphics 16G DDR5 512G/1TB SSD Notebook ,17842.58,36
56,memoria ram ddr3 2GB 4GB 8GB DDR2 667MHZ 800MHZ PC2 5300S 6400S DDR3 1333MHZ 1600MHZ PC3 10600S 12800S SO-DIMM Laptop Memory ,88.66,0
57,Exquisite High-end HUAWEI Laptop MateBook X 2021 i7-1160G7 i5-1130G7 13 inch 3K Touch Screen Fingerprint Backlit Keyboard Share ,44007.68,0
58,"New arrival! GPD WIN Max 2 10.1 Inch Handheld Gaming PC Laptop UMPC AMD 8840U Processor Windows 11,32GB/64GB RAM,2TB Nvme SSD ",23903.45,0
59,New! GPD WIN Mini AMD 7840U 7Inch Handheld GamePad Tablet 64GB RAM 2TB ROM Pocket Mini PC Laptop Game Player Console ,20689.94,0
60,[updated version]GPD WIN 4 WIN4 AMD 8840U 6Inch Handheld GamePad Tablet 32GB RAM 2TB Pocket Mini PC Laptop Game Player Console ,14563.69,0
61,New 2024 Xiaomi Redmi Book 16 Laptop Intel Core i5-13500H 16inch 2.5K Notebook 16GB DDR5+512G/1TB SSD Iris Xe Thunderbolt 4 ,18080.99,33
62,K&F Concept Large Camera Backpack DSLR Camera Bag Fits 15.6 Inch Laptop 13L with Tripod Holder Compatible with Canon Nikon Sony ,1718.52,58
63,HUAWEI MateBook X Pro 2022 Laptop i5-1155G7/i7-1195G7 lris Xe Graphics 16GB 512GB/1TB SSD 14.2 Inch 3.1K Touchscreen Notebook ,28699.31,36
64,Xiaomi Redmi G Pro 2022 Laptop AMD R7 6800H 16G/32 RAM 512G/1T SSD Geforce RTX3060 GPU Notebook 2.5K 240Hz 16'' Game Notebook PC ,27702.68,0
65,HUAWEI 2023 MateBook 14s Laptop i5-13500H/i7-13700H/i7-13900H 16GB/32GB 512GB Netbook 14.2-inch 2.5K 120Hz TouchScreen SSD WiFi6 ,30736.02,33
66,CABLETIME 240W PD Cable USB C to USB C Cable Fast Charger Adapter Type C to C Cable Power Wire for Laptop Macbook Samsung iPad ,248.06,54
67,"GPD WIN Max 2 10.1-inch Pocket Gaming PC Laptop AMD 7640U Processor Windows 11, 16GB RAM, 1TB SSD Mini Laptop ",19892.4,33
68,2022 HUAWEI MateBook X Laptop i5-1130G7/i7-1160G7 16GB512GB/1T Notebook 13 Inch 3k LTPS TouchScreen Netbook Iris Xe Graphics SSD ,33749.26,44
69,"nnew selling Alienware Area 51M Gaming Laptop, 17.3"" 300hz 3ms ",18644.76,0
70,Swift Order! Raze  Blade 18 (2023) Notebook I9-13950HX/16GB/1TB/18'' QHD/RTX4060 Gaming Laptop ,10176.7,0
71,100% Pro 7i Gen 8- RTX 4080- I9-13900HX 24 Core- 32gb DDR5 1tb Ssd- 2K Gaming Laptop. ,11003.19,0
72,19V 2.37A 5.5*1.7MM 45W Laptop Adapter Charger For Acer Aspire 3 A314-31 A515-51-3509 E5-573-516D Series Notebook Power Supply ,254.55,30
73,Original 2024 Lenovo Laptop ThinkBook 14+ Itel Ultra 5 125H 32GB 1TB DDR5 14.5 Inch 3K 120Hz Computer Office Notebook Slim PC ,20963.88,0
74,Anime Mouse Pad 45x40CM Laptop Mouse Mat Ultrafine Surface E-Sports Professional Gaming Mousepad Gamer Computer Keyboard Mat XL ,254.24,11
75,Original New DDR5 Lenovo ThinkBook 14 Laptop 2024 Ryzen R7 8845H Radeon 780M 16G RAM 1T SSD 14 Inch 2.8K 120Hz Notebook Slim PC ,15522.85,0
76,CRELANDER Mini Laptops 14 Inch 2240*1440 Double Touch Screen Intel Processor Foldable Tablet PC Windows11 Dual Screen Laptop ,10004.62,31
77,New C930 2-In-1 4K Laptop 8th Gen I7-8550U 1TB 16GB Pen FP Reader Win 10. ,8724.08,0
78,100% Pro 7i Gen 8- RTX 4080- I9-13900HX 24 Core- 32gb DDR5 1tb Ssd- 2K Gaming Laptop. ,9990.25,0
79,Management Offer_ ROG Zephyrus Duo 16 Gaming Laptop 9 3.3GHz 32GB 2TB 16GB 16inch QHD+ Black Ge'Force. ,10179.48,0
80,Lenovo Hard Disk Mobile SSD E60 2TB 6TB 8TB 256TB USB 3.1 HD External Hard for Laptop PS5 Mobile Hard Disk HDD Storage Devices ,233.51,82
81,100% C930 2-In-1 4K Laptop 8th Gen I7-8550U 1TB 16GB Pen FP Reader Win 10. ,8771.39,0
82,"Justice Sales_ Predator Triton 300 Gaming Laptop 2021, I7-10750H, NVIDIA Geforce RTX 2070, 15.6"" Full HD IPS Display. ",8612.77,0
83,8PCS Set 5.5MM 2.5MM 2.1MM 1.7MM Universal Source DC Power Adapter Jack Plug Connector Male Female Laptop Charger Connect ,320.99,36
84,HOT DEAL Zen Book 17 Fold OLED Unfold UX9702 X Fold 17.3 Inch Touchscreen Laptop. ,10672.04,0
85,100% GT76 9th Gen Intel I9 Core Processor RTX 2080 Gaming Laptop. ,9397.52,0
86,2024 HUAWEI MateBook D16 SE/D16 i9-13900H/i7-13700H/i5-13500H/i5-13420H 16GB 512GB/1TB 16-inch SSD LPDDR4X Numeric Keypad ,19824.58,44
87,"Xiaomi Redmi Book Pro 16 2024 16"" 3072x1920 Screen Intel Ultra5/Ultra7 Processor 32GB LPDDR5x RAM 1TB SSD 99Wh ARC Graphics ",24694.96,0
88,OneXPlayer M1 Mini PC World's Most Powerful With Intel Core Ultra 9 185H Processor 5.10 GHz Mobile SSD AI Computer Multi Interfa ,13377.38,0
89,NEW For HP 250 255 G4 G5 15-AC BA 15-AY 15-AF TPN-C125 C126 Laptop LCD Back Cover/Front Bezel/Hinges/Palmrest/Bottom Case Silver ,166.35,20
90,"MSI Katana GF76 11UG-254XTR Intel Core i7 11800H 16GB 512GB SSD RTX3070 Freedos 17.3 ""FHD Portable computer ",31353.1,0
91,Asus X509FA-BR951T Intel Core i3 10110U 4GB 256GB SSD Windows 10 Home computers ,18994.54,0
92,lenovo Xiaoxin Air 14 Plus New AMD Ryzen 7 6800HS 16GB RAM 512GB SSD 14inch Windows 11 IPS Screen Notebook computer Ultrabook ,15098.75,0
93,8K HDMI Cable to Displayport Adapter HDMI to DP HDR for Xbox PS5 PS4 Laptop Monitor MacMini Projector TVBox DVD Quality Cable ,1537.14,67
94,Lenovo Gaming Loptop LEGION GeekPro G5000 15.6“144Hz Intel I7-13650HX 16/32G DDR5 512G/1TB/2TB Pcie 4.0 SSD RTX4060 Notebook PC ,22842.35,23
95,Bag only for the GPD G1!!! ONLY BAG ,554.05,0
96,Original Xiaomi Redmi Book Pro 16 2024 U5/U7 3K 120Hz Screen JYU4592CN/JYU4593CN ,43611.29,59
97,Xiaomi Redmi G Pro Game E-Sport 2024 14900H 4060 8G 16.1inch 240Hz 2.5K Screen ,39974.96,35
98,Redmi Book Pro 14 2024 U5/U7 32G 1T 2.8K 120Hz ,24615.17,35
99,Tested Original SSD Chip For Macbook Air Pro A1932 A1989 A1990 A2141 A2251 Nand Flash Memory IC Chip 128G 256G 500G 1TB 2TB ,1583.01,6
100,Original Xiaomi RedmiBook 16 2024 New 13620H/ 13500H/12450H 16G 512G 16inch Screen JYU4577CN/JYU4585CN/JYU4614CN ,22342.6,42
101,Xiaomi Redmi Book 14 2024 New 13500H 16G 512G 2.8K 120Hz 14'' Screen ,19221.7,41
102,Lenovo LEGION R7000 2024 E-Sport 8745H 8 cores 16 threads RTX4050/RTX4060 1920*1080P HD 15.6inch Screen ,21604.93,0
103,New S150ADA IdeaPad 1-14ADA05 1-11ADA05 Laptop motherboard Model Multiple CPU 3020E 3050E SN 19877-1 FRU 5B20Z2302 5B20Z26469 ,403.35,0
104,Xiaomi Redmi Book Pro 14 2024 U5-125/U7-155 32+1T Or RedmiBook 14 2024 13500H 16+512G Optional ,13094.5,0
105,New Original 990 Pro 1TB 2TB 4TB 8TB SSD M.2 2280 Internal NVMe Solid State Hard Disk PCIe Gen 5.0 x 4 for Laptop PS5 PC PS4 ,273.97,0
106,50pcs Mario Anime Stickers Suitcase Water Cup Stationery Mobile Phone Car Scooter Laptop Refrigerator Decorative Stickers ,19.76,34
107,300/500Stickers Cartoon Capybara Graffiti Sticker For Water Bottle Laptop Luggages Laptop Decals Decoration Kid Reward Gift Toy ,206.45,68
108,10pcs Webcam Cover Shutter Slider Camera Cover for iPad Tablet Web Laptop PC Camera Mobile Phone Lens Privacy Sticker ,193.11,69
109,"KLQDZMS 20""22""24""26Inch High Quality Suitcase Front Opening Laptop Boarding Case PC Trolley Case Multifunctional Women's Luggage ",3007.72,39
110,PC Speaker For Computer Laptop Notebook Desktop Caixa De Som Mini Sound Box Music Bocina Column Acoustics Coluna Audio System ,446,58
111,2 In 1 Screen Cleaner Spray Bottle Multifunction Mobile Phone Tablet PC Laptop Screen Dust Remover Microfiber Wiper Cleaner Tool ,22.83,0
112,13.3 14 15.6 inch Ultra Thin Laptop Handbag Sleeve Case Notebook Cover Pouch Shoulder Bag For Lenovo HP Dell Asus Samsung ,411.12,57
113,SSD Drive HDD 2.5 Hard Disk SSD 4TB 2TB 120GB 240G 1TB 512GB 128GB 256G HD SATA Disk Internal Hard Drive for Laptop Computer ,914.37,68
114,"STONEGO  Metal Pry Bar Tool Set - Electronics Repair Kit for Mobile Phones, Tablets, Laptops, and Smart Watches ",222.48,46
115,10PCS Between Light And Shadow Stickers Poster Card Laptop Decoration Luggage Landscape Gift Kraft Paper Wall Room Bar Decor ,207.27,69
116,PD 240W USB C Fast Charge Adapter USB 4.0 Quick Transmission 40Gbps USB C Extension Adapter Smart Chip For iphone Tablet Laptop ,43.53,27
117,4 Pcs Laptop Rubber Feet For Dell E7440 E7240 E7250 E7450 E7270 E7470 Foot Pad Non-slip Rubber Feet Replacement ,18.04,0
118,Car Sticker with Autism Alert Responders and Autism Awareness Love Puzzle Piece Car Laptop Helmet Trunk Wall Decal. ,22.16,0
119,10/30/50PCS Hemp Leaf Stickers Laptop Skateboard Guitar Luggage DIY Bike Cool Waterproof Graffiti Sticker Decal Kid Classic Toys ,63,37
120,2in1 Cleaning Brush Computer Monitor Keyboard Cleaner with Screen Wipe Retractable Double Head Laptop Phone Screen Dust Remover ,18.84,0
121,USB Light LED Reading Lamp Mini Book Light Portable Camping Night Lights Table Lamps For Power Bank Laptop Computer PC Notebook ,14.11,0
122,1/2/3/6/8Pcs Webcam Cover Laptop Camera Cover Phone Antispy For Macbook Tablet Privacy Physical Protection Lens Sticker ,10.77,0
123,10/ 20/ 50pcs Black 304 Stainless Steel Cross Phillips Ultra Thin Flat Wafer Head Screw CM M1.6 M2 M2.5 M3 M4 M5 M6 for Laptop ,32.57,43
124,Car Sticker OFF-Road Auto Sticker and Decals Styling Engine Hood Motorcycle Laptop Decal Decor Mural Vinyl Covers Car-Styling ,15.04,0
125,PC Soundbar Wired and Wireless Bluetooth Speaker USB Powered Soundbar for TV Pc Laptop Gaming Home Theater Surround Audio System ,601,50
126,2in1 Screen Cleaner Spray Bottle with Microfiber Cell Phone Laptop Tablet Screen Cleaning Wipe Press Spray Bottle Without Liquid ,23.29,0
127,Shockproof Notebook Computer Cover Pouch 11 13 14 15 inch Laptop Bag Sleeve Case For Xiaomi HP Dell Lenovo ,319.16,53
128,Multi-used Car Steering Wheel Table Portable Car Laptop Computer Desk Mount Stand Seat Gap Filler Organizer Car accessory ,1473.64,68
129,"KLQDZMS 20""24"" Inch High-quality Front Opening Lid Trolley Suitcase Multifunctional Boarding Password Case with Laptop Luggage ",3973.36,39
130,200 Sheets/Box Disney Cartoon Pull Out Stickers Princess Frozen Mickey Mouse Minnie Sticker Girl Boy Teacher Reward Toys Gift ,50.97,0
131,"32-in-1 Keyboard Cleaning Kit Laptop Phone Cleaner Cleaning Tool, Multi-Function Cleaner for iPad iPhone Pro, Earbuds, iPad ",599.17,68
132,Surround Sound Bar Wired Computer Speakers Stereo Subwoofer Soundbar for Desktop Laptop PC TV Mini Speaker Home Theater System ,601,54
133,New For Dell Latitude 3540 E3540 LCD Back Cover 03JW02/Front Bezel/Keyboard Palmrest Upper 0DVROW/Laptop Bottom Cover Case ,965.48,10
134,Laptop Keyboard Dust Brush Phone Computer Screen Cleaner Tool Multifunction Cleaning Brush for Car Interior Dashboard Home Desk ,14.57,0
135,RYRA Mouse Pad EVA Wristband Gaming Mouse Pad Solid Color Mice Mat Comfortable Environmental Protection Mouse Pad For PC Laptop ,13.62,0
136,10pcs Microfiber Cleaning Cloth Computer TV Camera Lens Mobile Phone Screen Glasses Cleaning Wipe Laptop Pad Tablet Cleaning Kit ,28.18,36
137,5/1pcs Silicone Data Cable Organizer Cellphone Charger Cable Power Cord Management for Laptop Tablet Earbuds Mouse Wire Wrap Tie ,5.38,0
138,Keyboard Cleaning Kit 7 in 1 Laptops Cleaner with Keycap Puller Multifunctional Brush Cleaning Set for Tablet Phone Airpods ,14.72,0
139,USB 3.0 Card Reader SD TF card Memory Card Reading Adapter High Speed 2 IN 1 Card Reader For Phone PC Laptop Accessories ∪disk ,37.52,27
140,10PCS/Kit Computer Keyboard Cleaning Brush Multifunction Universal Clean Tool Set For Laptop PC Macbook Notebook Phones ,28.02,0
141,Car Stickers Celtic Norse Viking Vegvisir Compass Navigation Nordic Pagan Galdrastav Valhalla Valknut Runic Laptop Decals Decor ,22.15,0
142,20 in 1/7 in1/  Digital Camera Headset Mobile Phone Laptop Keyboard Cleaning Tool Set Cleaning Brush Clean Pen For Airpods Pro ,238.3,54
143,50PCS Bungo Stray Dogs Anime Stickers Suitcase Water Cup Stationery Mobile Phone Car Scooter Laptop Decorative Stickers ,19.76,34
144,New Keyboard Mouse Pc Laptop Wristband Mouse Pad With Wrist Protect Notebook Environmental Protection EVA Wristband Mouse Pad ,16.31,0
145,PC Soundbar Wired and Wireless Bluetooth Speaker USB Powered Soundbar for TV Pc Laptop Gaming Home Theater Surround Audio System ,615.62,58
146,Portable Mini Selfie Fill Light LED Video Light Cube Laptop Computer Webcam Light Video Conference LED Fill Light For Live ,48.28,0
147,Notebook 15.6 inch Laptop Windows 11 10 Pro 1920*1080 Cheap Portable Intel Laptop D4 16G RAM 128GB/256GB/512GB/1TB SSD HDMI Port ,6153.79,55
148,Computer Game Mouse Pad Environmental Eva Ergonomic Mouse Pad Wrist Pad Solid Color Comfortable Mouse Pad For Office PC Laptop ,40.69,0
149,12.7mm USB 3.0 Type C External DVD Drive CD-ROM Player Drive Burner Reader Optical Drives Enclosure Case for PC Laptop Desktop ,569.4,64
150,"Arabic Palestine Map Vinyl Art Sticker Car Window Door Decor, Arabic Calligraphy Laptop Decals for MacBook Pro/Air Decoration ",15.04,0
151,3 Pcs Ultra-Thin Metal Web Camera Slide Cover For iPhone MacBook iMac Laptop PC iPad Pro Privacy Sticker ,38.65,11
152,10/30/50pcs Pink cartoon graffiti Pink Bookish Stickers Decals Decoration DIY Skateboard Notebook Phone Laptop car stickers ,203.4,85
153,PC Soundbar Wired and Wireless Bluetooth Speaker USB Powered Soundbar for TV Pc Laptop Gaming Home Theater Surround Audio System ,601,54
154,Mini USB Fan Flexible Bendable Fan For Power Bank Laptop PC AC Charger Portable Hand Fan For Computer Summer Gadget ,128.44,52
155,NEW Small Fan Plug And Play Creative Mini Student Dormitory Usb For Power Bank Laptop Pc Ac Charger Cooling Tools Office Fan 1pc ,30.07,0
156,1pc Laptop Rubber Strip For For Dell/Lenovo/Asus/HP Bottom Case Foot Pad Surface Laptop Rubber Foot PC Accessories ,15.68,0
157,10/30/56pcs cartoon Magic Digital Circus Stickers For Suitcase Skateboard Laptop Luggage Phone Car Styling DIY Decal Pegatinas ,203.4,85
158,2024 New 4TB SSD Sata Hard Drive Disk Sata3 2.5 Inch 2TB 1TB 560MB/S High Speed Hard Disk Internal Solid State Drives For Laptop ,1317.6,65
159,USB Keyboard Cleaner PC Laptop Cleaner Computer Vacuum Cleaning Gadgets ,20.58,0
160,50pcs Doraemon Cartoon Cute Sticker Water Cup Laptop Luggage Desktop Stationery Skateboard Guitar Waterproof Decorative Sticker ,25.84,36
161,Wireless Bluetooth Audio Mobile Phone Computer Laptop Subwoofer Mini Card BT01 Small Speaker Outdoor Portable Creative Gifts ,179.3,50
162,500pcs Cute Cartoon Demon Slayer Anime Stickers Decoration for Laptop Phone Suitcase Notebook Label Stationery Sticker Kids Toys ,113.02,45
163,PC Soundbar Wired and Wireless Bluetooth Speaker USB Powered Soundbar for TV Pc Laptop Gaming Home Theater Surround Audio System ,598.47,54
164,50Pcs Sanrio Pom Pom Purin Stickers Cartoon Sanrio Sticker for Scrapbooking Laptop Suitcase Waterproof Sticker Decal Kid Toy ,42.47,36
165,4K DP DisplayPort to HDMI-compatible Adapter Converter Display Port DP to HDMI-compatible HDTV Adapter Video Audio PC Laptop ,123.24,56
166,New Pc Soundbar Wired Wireless Bluetooth Speaker Usb Powered Soundbar For Tv Pc Laptop Game Home Theater Surround Audio System ,192.28,0
167,"Wired Portable MP3 Music Speaker Mini Small Burger Speaker, 3.5MM Audio Jack Phone/Laptop Player ",63.16,0
168,Keyboard Cleaning Brush Wooden Anti-Static PC Laptop Cleaner Track Space Cleaning Keyboard Cleaner Kit Electronics Cleaning Tool ,11.87,0
169,DisplayPort Display Port DP to VGA Adapter Cable DP Male to VGA Female Converter Adapter Cable For Projector DTV TV HDVD Laptop ,36.88,46
170,Laptop Bag Sleeve Case Cover Soft Notebook Pouch For Xiaomi Lenovo HP Dell Asus 11 13 15 inch ,331.07,50
171,Phone Cleaning Screen Spray Computer Screen Cleaner Spray Dusting Microfiber Cloth for Mobile Phone Tablet Laptop Screen ,22.48,0
172,Journaling Diary Stationery Sticker Universal Packing Sealing Paster for Calendar Notebook Laptop ,5.55,0
173,PC Soundbar Wired and Wireless Bluetooth Speaker USB Powered Soundbar for TV Pc Laptop Gaming Home Theater Surround Audio System ,592.88,50
174,Wrist Mouse Pad Small Feet Computer Game Creative Solid Color Environmental Protection EVA For Pc Computer Laptop ,16.94,0
175,4D Computer Wired Loudspeaker Bluetooth 5.0 Bar Stereo Sound Subwoofer Surround Soundbar Speaker For Macbook Laptop Notebook PC ,593.9,50
176,New Mini Portable SSD Hard Drive 3.0 High-speed Flash Drive 512G USB PEN DRIVE External Flash Memory For Laptop Desktop ,64.9,27
177,"3pc Childless Cat Lady For Kamala Harris 2024 Stickers for Laptop Window,Harris For President Vinyl Decal,Waterproof Car Sticker ",193.84,68
178,50Pcs World Map Stickers Time Tide For Skateboard Bicycle Guitar Laptop Kids Waterproof Stiker Decals Toys ,191.69,69
179,Plastic Phone Screen Opening Card 0.2mm Ultra Thin Flexible Pry Opening Tool for LCD Screen Mobile Phone Laptop Tablet Repair ,22.95,0
180,"Car Stickers  PHOENIX Motorcycle Decorative Accessories Creative Laptop Helmet Waterproof and Sunscreen Vinyl Decal,15CM*15CM ",15.04,0
181,10Sets Hand Mounting Kits Stand Off Screw Hex Nut For A-SUS M.2 SSD Motherboard Silver For Laptop Notebook Fix Repair Computer ,13.02,0
182,Portable Laptop Case 13 14 15 Inch Portable Waterproof Briefcase Lightweight Notebook Casual Lining Protection ,431.39,52
183,PC Soundbar Wired and Wireless Bluetooth Speaker USB Powered Soundbar for TV Pc Laptop Gaming Home Theater Surround Audio System ,579.32,54
184,TG658 Portable Bluetooth Speaker Wireless Subwoofer Column Mini Bass FM TF BT Music Play For Android iOS Smart Phone PC Laptop ,754.31,50
185,Rocoren 65W GaN Charger Quick Charge PD 4.0 3.0 Type C USB Charger for iPhone 15 14 13 Pro Max Samsung Fast Charger for Laptop ,412.99,54
186,Ukraine Language Ukrainian Keyboard Sticker Durable Alphabet Black Background For PC Laptop Accessorie Computer Keyboard ,89.88,40
187,"Laptop Docking Station Dual Monitor 4K@30Hz, 8 in 1 USB C Hub with HDMI, 100Mbps, 65W PD, 2 USB, SD Card Reader, USB C Dock Comp ",417.51,56
188,Computer Speakers PC Sound Box HIFI Audio Stereo USB Wired Gaming Mini Caixa De Som With Lights For Desktop Computer Laptop ,536.28,50
189,13.3inch 14inch 15.6inch Ultra Thin Laptop Handbag Sleeve Case Notebook Cover Pouch Shoulder Bag For Lenovo HP Dell Asus Samsung ,468.26,54
190,500Pcs Kawaii Crayon Shin-Chans Sealing Stickers Laptop Phone Case Stickers Diy Hand Account Car Decoration Stickers For Girls ,8.18,0
191,Cleaning Set 20In1 Multi-Function Keyboard Cleaner Cleaning Brush Kit Earbuds Cleaning Pen For PC Laptop Phone Headphones Camera ,314.48,58
192,Portable Mobile Phone Fill Light Selfie Mirror with Clip For iPhone Samsung Tablet Laptop Universal Back Camera Reflection Lamp ,48.92,0
193,Hatsune Miku Secondary Cartoon Car Stickers Personalized Decorative Laptop Stickers Decorative Stickers ,50.41,0
194,Cartoon 80pcs Labubu Monster Waterproof Stickers Pack Cute Water Bottle Laptop Skateboard Scrapbook Anime Decorative Stickers ,212.65,66
195,Men Handbag Top Handle Bags Cross Body Messenger Bag Business Shoulder Bag PU Leather Laptop Male Briefcase Tote Bag ,804.15,59
196,PIX-LINK UE01 300Mbps USB WIFI Repeater Signal Extender WPS AP Mode Wireless Amplifier For Smart TV Network Adapter ,312.45,52
197,Crayon Shin-chan Anime Stickers 60PCS Decals Children Toy Applique Suitcase Laptop Skateboard DIY Decoration Gift For Boys Girls ,204.87,66
198,13.3/14/15.6 inch Ultra Thin Laptop Handbag Sleeve Case Notebook Cover Pouch Laptop Shoulder Bag For Lenovo HP Dell Asus Samsung ,80.66,0
199,10 Pcs/set Keyboard Cleaning Brush Kit Small Computer Dust Brush Cleaner Anti-static For Laptop USB Household Cleaning Tool ,60.47,0
200,10/50/100pcs Funny Dog Stickers Cartoon Cute Decals Toy Stationery Guitar Phone Bicycle Laptop Luggage Car Graffiti Kids Sticker ,171.39,66
201,Computer Speaker PC Sound Box Music For Laptop Caixa De Som Portable USB Stereo Audio System Bocina Baffle Acoustics Baffe Loud ,465.39,54
202,10/30/50Pcs Cute Big Frog Komi Animal Sticker For Snowboard Laptop Luggage Car Fridge DIY Styling Vinyl waterproof Sticker ,203.4,85
203,Mini USB Fan Flexible Cooling hand Fan portable Summer Cool laptop Desktop Cell Phone Cooler 2 in 1 Micro USB Type-C 8 pin plug ,27.23,0
204,"3pcs Trump Fight Never Surrender Stickers,2024 Save Trump Stand with Trump Stickers for Car Truck Window Laptop Waterproof Decal ",191.08,68
205,Mini USB Vacuum Cleaner Keyboard Brush Laptop Shell Cleaner Dust Brush Portable USB Vacuum Cleaner Computer Cleaning Tool ,185.45,57
206,Fashion Lady High Capacity Waterproof  Backpack  Man and Woman Girls Laptop Student School Bags Cute Girl Travel Book Bag Unisex ,776.12,57
207,Small Naruto Gaming Laptop Mouse Pad Itachi Uchiha Mousepad Gamer Computer Rug Accessories PC Gamer Hatake Kakashi Anime Deskmat ,35.04,57
208,300Mbps Wireless WIFI Repeater 2.4G Router Wifi Range Extender Wi-Fi Signal Amplifier 802.11N Network Card Adapter for PC ,399.27,65
209,5 in 1 Multifunctional Cleaner Brush Kit Camera Computer Laptop Tablet TV Screen Cleaning Tools Keycap Puller Phone Card Taker ,192.19,53
210,"Peeping Barrier Protector for Cell Phone, Laptop, Tablet Plastic Push-Pull Type Camera Privacy Cover Webcam Cover ",31.6,53
211,TISHRIC HDD Case SATA to USB3.0  HDD Enclosure 2.5 inch Hard Drive Case Support  6Gbps Mobile External HDD Case for PC Laptop ,211.02,50
212,USB C HUB 3 In1 Type C 3.0 to HDMI-compatible 4K 30Hz Docking Station PD Adapter Splitter For MacBook Phone Computer Laptop ,220.9,55
213,"Type C Wireless Lavalier Microphone, Portable Audio Video Recording Mini Mic for Android Typec Live Broadcast Gaming Interview ",363.8,65
214,USB3.0 MicroB Transparent 2.5inch External Storage Case SATA 5Gbps HDD SSD Hard Drive Enclosure Support UASP for PC Laptop ,239.61,52
215,New Mobile Phone Selfie Light Fill Light LED Live Video Lights For Laptop Smartphone Video Conference Fill Light ,38.13,0
216,USB Direct Plug Portable Fan With LED Lights Lighting Adjustable Mini Fan Brushless Mute Fan Laptop for Home Dorm Outdoor ,63.16,33
217,50 pcs Original Harry Potter Series Stickers Cute Cartoon Characters Waterproof Stickers Toys for Mug Laptop Decoration ,19.31,0
218,2 In 1 Mini Screen Cleaner Spray Bottle Portable Reusable Mobile Phone Tablet PC Laptops Screen Dust Remover Microfiber Cleaners ,20.1,41
219,2021 New Laptop Bag Color Contrast Notebook Handbag for Macbook 13/14/15 inch Laptop Carry Bag Briefcase Travel Bag ,152.92,0
220,4D Wired Computer Speaker Bar Stereo Sound Subwoofer For Macbook Laptop Notebook PC Music Player PC Soundbar Loudspeaker ,738.66,49
221,Simple Plush Laptop Case With Anti Drop and Shockproof 13/14/15/15.6 Inch Laptop Liner and Tablet Protective Case 1PC ,371.22,51
222,"10pc Trump Fight Fist 2024 Stickers Decals,President Trump Election Rally Shooting Waterproof Stickers for Car,Motorcycle,Laptop ",205.46,68
223,Keyboard Vacuum Cleaner USB Computer Dust Cleaning Brush Kit For Laptop Desktop PC Keyboards Remove Dust Brushes Cleaning Tool ,6.97,0
224,7 in 1 Laptop Keyboard Cleaning Kit Computer Keyboard Cleaner Brush Earphones Cleaning Pen For AirPods iPhone Keycap Puller Set ,34.35,0
225,Car Steering Wheel Table Board Car Table Steering Wheel Card Table Car Laptop Stand Tablet Computer Table Board ,631.04,56
226,6 IN 1 Professional Laptop Keyboard Cleaning Kit Computer Mobile Phone Dust Brushes Cleaner Portable Anti Static Keyboard Brush ,42.75,0
227,5 in 1 Earphone Cleaner Brush Kit Camera Phone Tablet Laptop TV Screen Cleaning Tools Headset Cleaning Pen ,166.19,57
228,HK Men's Business Slim Backpack Water-resistant 15.6 Laptop Backpack for Work College Anti-theft Lightweight Travel Bag With USB ,1259.89,56
229,Pikachu Keyboard Mouse Pad Pc Laptop Wristband Mouse Pad With Wrist Protect Notebook Environmental Protection Wristband Mouse Pa ,47.2,0
230,50PCS Teenage Mutant Ninja Turtles TMNT Stickers Cartoon Anime Cute DIY PVC Waterproof Sticker Laptop Decals for Kids Toys Gift ,19.94,0
231,400W DC-DC High-Power Constant Voltage and Constant Current Boost Power Module LED Boost Drive Laptop Battery Charging ,214.11,52
232,UGEE S640 Graphic Tablet 6 Inch Drawing Tablets Digital Pen Pad Writing Drawing Board 8192 Stylus for Android Windows Mac Laptop ,1212.35,52
233,13.3 14 15.6 inch Ultra Thin Laptop Handbag Sleeve Case Notebook Cover Pouch Shoulder Bag For Lenovo HP Dell Asus Samsung ,388.6,57
234,Diesel Power Die-Cut Vinyl Decal Car Sticker Waterproof Auto Decors on Carbody Bumper Rear Window Laptop Choose Size ,28.93,0
235,10/30/50Pcs Horror Joker sticker For Snowboard Laptop Luggage Car Fridge DIY Styling Vinyl waterproof Sticker ,203.4,85
236,Computer Speakers PC Sound Box HIFI Stereo Microphone USB Wired Caixa De Som with LED Light For Laptops Computer PC TV Speakers ,60.63,39
237,Mouse Pad Gaming Esports Mouse Pad Universal Desktop And Laptop Computer Simple And Pure Black Office Rubber Small Anti Slip Pad ,162.26,53
238,Disney Winnie The Pooh Wrist Rest Cute Cartoon Silicone Wrist Pad Office E-Sports Gaming Laptop Soft Mouse Pad Set of Two ,114.83,15
239,1pcs Keyboard Cleaner USB Mini Vacuum Dust Machine For Computer Laptop PC Hot Worldwide Promotion ,9.82,0
240,"Portable Mini Selfie Fill Light Rechargeable 3 Modes Adjustable Brightness Clip On For Phone, Laptop, Tablet Meeting, Make Up ",335.28,66
241,Large Size Felt Mouse Pad Office Computer Desk Protector Mat Table Laptop Cushion Non-slip Keyboard Mat Gaming Accessories 60x30 ,36.87,0
242,Adjustable Flexible Silicone Strap Mobile Phone Holder For Tablets Laptops Universal Clip On Bedside Live Broadcast Stand ,242.2,0
243,"New Blue SSD 250GB Internal Solid State Disque 500GB 1TB 2TB 3D NAND SATA3 2.5"" SSD For Laptop NoteBook PC ",1308.45,66
244,13.3 14 15.6 inch Ultra Thin Laptop Handbag Sleeve Business Notebook Cover Pouch Shoulder Bag For Lenovo HP Dell Asus Samsung ,422.58,57
245,VGA to HDMI Adapter 1080P VGA Male to HDMI Female Converter With Audio USB Power Cable for PC Laptop HDTV VGA HDMI Converter ,52.71,46
246,Selfie Light Selfie Video Conference Light Portable LED Light Compatible For Cell Phone IPad Laptop Camera ,27.23,0
247,2024 SSD Drive HDD 2.5 Hard Disk SSD 120GB 240GB 1TB 512GB 128GB 256GB HD SATA Disk Internal Hard Drive for Laptop Computer ,1322.8,66
248,Wireless Keyboard Bluetooth-compatible Keyboard For Android IOS Windows Mouse and Keayboard Rechargeable 78 Keys For ipad Laptop ,449.14,45
249,300Mbps Wireless WIFI Repeater 2.4G Router Wifi Range Extender Wi-Fi Signal Amplifier 802.11N Network Card Adapter for PC ,399.27,64
250,300Mbps USB Wireless WIFI Repeater with RJ45 Network Port 2.4G WiFi Range Extender Wi-Fi Signal Amplifier Network Extension NFC ,153.55,64
251,Bluetooth Computer Speakers Wired Surround Sound Bar Stereo Subwoofer Soundbar for Desktop Laptop PC Mini Home Theater System ,574.96,53
252,PC Soundbar Wired and Wireless Bluetooth Speaker USB Powered Soundbar for PC TV Laptop Gaming Home Theater Surround Audio System ,597.7,50
253,Wireless Lavalier Microphone Noise Canceling Portable Audio Video Live Interview Recording For Professional Pickup Mini Mic ,216.08,0
254,New 1080PRO 8TB 4TB 2TB 1TB NVMe SSD M.2 2280 Hard Disk PCIe Gen5.0 x 4 Internal Solid State Drive for Desktop PS5 Laptop PS4 PC ,1141.8,51
255,52PCS Self-adhesive Halloween Stickers Cute Waterproof Castle Ghost Pumpkin Halloween Stickers For Phone Laptop Luggage Guitar ,11.87,0
256,PC Soundbar Wired and Wireless Bluetooth Speaker USB Powered Soundbar for TV Pc Laptop Gaming Home Theater Surround Audio System ,619.38,57
257,Pocket LED Selfie Light for IPhone Samsung IPad Mobile Phone Laptop Clip Ring Flash Fill Video Photo Ringlight Photography Lamp ,48.65,0
258,USB Small Fan Flexible Bendable Fan For Power Bank Laptop PC AC Charger Portable Hand Cool Mini Fan For Computer Summer Gadget ,176.07,66
259,USB 3.0/ 3.1 Type C 2.5 Inch 6TB Hard Drive Case Tool Free External Hard Disk Enclosure Solid State SSD For Laptop PC ,264.75,52
260,PC Soundbar Wired/Wireless Bluetooth Speaker USB Powered Soundbar for TV PC Laptop Gaming Home Theater Surround Audio System ,118.15,0
261,24Sheets Sanrio Stickers Book Hello Kitty Cinnamoroll Kuromi Kids Mini Sticker Decorative Hand Account Laptop Stationery Decals ,202.99,64
262,Wireless Keyboard Bluetooth-compatible Keyboard For Android IOS Windows Mouse and Keayboard Rechargeable 78 Keys For ipad Laptop ,426.08,45
263,8 In1 Electronic Cleaner Kit Screen Cleaner Multifunctional Cleaning Brush for Earphone Keyboard Laptop Phone PC Monitor Camera ,259.05,58
264,30cm Crayon Shin chan Anime Refrigerator Closet Stickers Personalized DIY Laptop Luggage Graffiti Stickers Waterproof Stickers ,46.47,0
265,7 in 1 Electronic Cleaner Kit Laptop Keyboard Airpod Clean Multi-Function With Keycap Puller Bottle For Iphone MacBook Earbuds ,273.45,58
266,10/30/50pcs GIRL BOSS  graffiti  Stickers For Suitcase Skateboard Laptop Luggage Phone Car Styling DIY Decal Pegatinas ,203.4,85
267,Wireless Keyboard Dual-mode Mechanical keyboard Hot-swappable Mini 68keys For Laptop PC iPad 60% Keypad Gaming External keyboard ,953.82,42
268,USB to HDMI Adapter 4K 60Hz Type C Cable HDTV Converter Cable for Phone TV Converter MacBook Air iPad Samsung Laptop Game ,252.96,54
269,"Webcam Laptop Camera Cover Slide, Cute Pattern Web Camera Cover, 0.02-Inch Ultra-Thin Fits for Laptop MacBook Computer ",190.15,69
270,10/30/50Pcs laser Horror comics Stickers  leap second Decal For Snowboard Laptop Luggage Car Fridge Car-Styling Vinyl Home ,65.51,55
271,Minions Stickers Kawaii Anime Kevin Bob Stuart Cute Cartoon Decals Laptop Skateboard Luggage Diy Paster Birthday Gift For Friend ,195.74,66
272,Mini Portable Handheld USB Keyboard Cleaning Tool Computer Ash Removal Supplies for Laptop Desktop PC Computer Cleaning Kit Tool ,23.43,0
273,"1set, Multifunctional Cleaning Kit, Mobile Phone Earphone Cleaning Brush Pen, Camera Phone Laptop TV Screen Cleaning Tool, Porta ",179.39,55
274,20-in-1Multifunctional Digital Cleaning Tool Set Mobile Phone Headphones Laptop Keyboard Cleaning Brush Dust Removal Key Remover ,353.09,53
275,8 In1 Electronic Cleaner Kit Screen Cleaner Multifunctional Cleaning Brush for Earphone Keyboard Laptop Phone PC Monitor Camera ,31.96,27
276,Handheld LED Selfie Light For Mobile Phones Laptop Macbook Gopro Video Magnetic Mini Flashes Selfie Lamp Lights Accessories ,40.21,0
277,22 in 1 Mobile Phone Repair Tools Pry Opening Screwdriver Set for iPhone Laptop Computer Disassemble Hand Tool Set 14/22/25/26pc ,140.41,45
278,Bonks High Power Full Range Stereo Subwoofer PC Speaker Portable Bass Music DJ USB Computer Speakers for Laptop Phone TV ,153.08,0
279,Parting Kiss Skull Crossbones Lips Reflective Car Sticker Decals Waterproof Car Motorcycle Helmet Windshield Laptop PVC ,7.44,0
280,Rubber Round Pink Disco Ball Mouse Pad - Aesthetic Desk Accessory for Office Laptop Computer - Ideal Gift for Girlfriend Women ,18.08,0
281,"Multifunctional Cleaning Kit Mobile Phone Earphone Cleaning Brush Pen, Camera Phone Laptop  Cleaning Tool, Portable Cleaning Pen ",26.49,28
282,3Pcs Kamado Nezuko Demon Slayer Backpacks Set for Girls Anime School Bag Teenager Student Canvas Laptop Back Pack Women Rucksack ,1775.69,67
283,8 in 1 Digital Camera Headset Mobile Phone Laptop Keyboard Cleaning Tool Set Cleaning Brush Clean Pen for Airpods Pro ,299.06,65
284,20 / 8 / 7 in 1 Cleaner Kit Digital Camera Headset Mobile Phone Cleaning Tool Laptop Keyboard Clean Pen Set Clean Brush Puller ,247.89,55
285,ASOMETECH Type C HUB 4 in 1 USB C to USB 3.0 Transparent Punk Docking Station Splitter Adapter For MacBook Laptop iPhone Samsung ,402.5,57
286,Smartphone Selfie Light Selfie Video Conference Lamps Portable Mini LED Fill Light Compatible for Cell Phone IPad Laptop Camera ,65.22,0
287,"Demon Slayer Tanjirou3D Motion Anime Waterproof Sticker for Laptop,Refrigerator,Skateboard,Wall Decor Kid Toy Gifts ",52.56,0
288,USB C Hub 4 in 1 Type C 3.0 Adapter to 4K HDMI HDTV VGA USB 3.0 PD Fast Charge Splitter for MacBook Notebook Laptop Computer ,264.93,55
289,50pcs Green Plants Stickers Leaves-Waterproof & DIY For Water Bottle Laptop Phone Skateboard For Adults Teens Girls Women ,193,69
290,2024 New Brand Men Briefcase Bag High Quality Business PU Leather Shoulder Messenger Bags Office Handbag A4 Document Laptop Bag ,1005.7,57
291,"Middle Earth Dragon Vinyl Sticker Car Window Bumper Decor, Tolkien LOTR  Smaug Laptop Decals for MacBook Air/Pro Decoration ",15.83,0
292,Usb 3.0 2.0 Hub USB HUB Extender Adapter 3 Ports High Speed Mini Splitter Docking Station For PC Computer Laptop Macbook U Disk ,157.78,57
293,5Pcs/10Pcs Notebook Palm Keyboard Blanket Cover Microfiber Dustproof Protective Film Laptop Screen Cleaning Cloth Macbook Pro ,160.9,54
294,Essager 5 in 1 USB C HUB HDMI-4K Docking Station Splitter For Macbook Adapter For Laptops USB 3.0 Type C ,306.75,52
295,"1 Set Of Multi-purpose Cloth Liquid Screen Cleaning Kit For LCD TV, Tablet, Mobile Phone, Laptop, Camera Lens Cleaner ",6.65,0
296,4k USB C to HDMI-compatible VGA Type C USB 3.0 PD Fast Charge Splitter HUB Adapter For MacBook Notebook Laptop Computer ,339.55,63
297,Presentation Clickers Multifunctional Clicker Wireless Laptop Presentations Remote Clicker For Computer Laptop ,69.19,33
298,Computer Speakers Home Theater System PC Bass Subwoofer Bluetooth Speaker Music 4D Surround Soundbar For Boombox Desktop Laptop ,998.33,49
299,2024 NEW 8TB 4TB 2TB 1TB BLACK WO SN850X SSD NVMe solid state drive PCIe 4.0 Gen4 read 13000 MB/s M.2 2280 For PS4 PS5 Laptop ,910.08,0
300,10/30/68pcs 2 style Jesus Christian Religion Stickers Phone Laptop Car Case Freezer Luggage Wall Waterpoof DIY Graffiti Sticker ,203.4,85
301,"USB Fan 5V 1A Small Personal Fan Flexible Neck for Laptop or PC Multipurpose,Mini Portable Summer USB Fan  Bendable Cable ",41.32,33
302,Earphone Cleaner Brush Kit Camera Phone Tablet Laptop TV Cleaning Tools Headset Pen Cleaning for 5 in 1 ,195.89,52
303,Screen Cleaning Spray Set 3 In 1 Screen Cleaning Suits Kit With Brush For TV LED PC Monitor Laptop Tablet Keyboard Cleaner ,65.54,0
304,"6 Pack-Laptop Camera Cover Slide Webcam Cover for Privacy Fits for Mini PC, PC, Surface, Tablet, Desktop Computer, Smart phone ",78.83,9
305,"Personality Car Sticker AYRTON SENNA FLAG BRAZIL on Motorcycle Laptop Decorative Accessories Waterproof Vinyl Decal,13CM*8CM ",15.04,0
306,14 inch 1000nits i7 CPU industrial laptops back mobile computer waterproof Fingerprint PC i7 rugged laptop notebook ,15814.27,0
307,1000nits I7 CPU  14 inch Industrial Back Mobile Computer Waterproof Fingerprint PC i7 Rugged Laptop Notebook ,15814.27,0
308,15.6 inch industrial back mobile computer waterproof Fingerprint PC i7 rugged laptop notebook ,15814.27,0
309,"Lenovo V15 G2 ITL Intel Core i5 1135 G7 8GB 256GB SSD Freedos 15.6 ""FHD Portable Computer 82 KB000STX01 ",30868.7,0
310,"XIDU 12.5"" Tour Pro Touchscreen Laptop, Backlit Keyboard Ultrabook, 2.5K Fullview Screen, 180-degree Swivel, Intel Celeron 3867U ",12663.92,0
311,Selling new ASUSS ZenBook Pro Duo 15 UX582ZM Gaming & Business Laptop ,9127.58,0
312,"NEW Lenovo Laptop ThinkPad neo 14 Intel i7-12700H/i5-12500H RTX2050/Xe 16G 512G/1T SSD 14"" 2.2K Screen Win 11 Notebook Computer ",27671.01,0
313,2023 Lenovo Laptop Xiaoxin Pro 14 AMD Ryzen7 7840HS 32G RAM 1T/2T SSD 14-Inch 2.8K 120Hz IPS Screen Notebook ,14196.44,0
314,Lenovo ThinkPad T14s 2022 Laptop i5-1240P/i7-1260P Intel Iris Xe 16G 512G SSD 14-Inch 72%NTSC WUXGA LP 400nit Screen Notebook PC ,26467.93,0
315,"PROMO OFFER 100% ORIGINAL 14"" Blade 14 Gaming Laptop (Black) ",7814.38,0
316,Lenovo Laptop Xiaoxin 16 2023 13th Gen Intel i5-1340P 16G RAM 512G/1T/2T SSD 16-Inch 2.5K Screen Face Unlock Backlit Keyboard PC ,17444.77,0
317,2022 Lenovo Laptop ThinkPad E14 12th Gen i5-1240P/i7-1260P Intel Xe 16GB 512GB SSD 14 Inch FHD 100% sRGB Screen Windows 11 ,17805.7,0
318,Lenovo ThinkPad X1Carbon 2023 Laptop Intel i7-1360P vPro 16G/32GB+512G/1T/2TB SSD 14Inch 2.2k/2.8k OLED Notebook Computer PC ,37055.1,0
319,ThinkPad T14 2023 Laptop intel i5-1340P vPro/i7-1360P vPro Integrated Graphics 16GB/32GB RAM 512GB/1TB SSD 2.2K LTE 14''Notebook ,27671.01,0
320,"16""+14"" Dual Screen Gaming Laptop 64G DDR4 1TB SSD Metal Notebook Computer 10th Gen Intel Core i7 CPU PC Support External GPU ",24342.42,0
321,"12th i7 12700H/ i9 12900H Gaming Laptop RTX 3060 Discrete Graphics Card 6G Notebook Computer 14 Cores Gamer PC 16"" 2.5K Screen ",30906.37,0
322,Gaming Notebook 16inch Intel N5095 16GB RAM 2TB SSD HD Camera DDR4 Window11 HDMI Office 4Cores 4Threads Portable Laptop PC ,9372.37,51
323,Laptop 16 Inch Intel N95 32GB RAM 2TB SSD Fingerprint Unlock 4 Cores 4 Threads 3.4 GHz Wifi5 HD Camera Portable DDR4 Computer PC ,9271.53,51
324,Laptop 14 Inch Intel Celeron N4000 6GB RAM 2TB SSD DDR4 Win 180° Fold Wifi6 3850 mAH PC 1366*768 Screen HDMI Slim Computer PC ,6835.91,51
325,"L43D 4Pcs Laptop Rubber Feet , Non-Slip Replacement Bottom for CASE Feet for MACBOOK ",9.82,0
326,1 Set Brush Cloth Liquid High Qulity Screen Cleaning Kit for LCD TV Tablet Phone Pad Laptop Computer Camera Lens Cleaner ,5.51,0
327,88PCS/Box Soft Anti-static Cleaning Wipes Wet Tissues For Computer Laptop LCD Monitor TV Mobile Phone Screen Digital Products ,29.19,0
328,Easy Pull Glue Laptop Screen LCD Tape Display Assembly Refurbishing Double Sided Adhesive Cell Phone Repair Thickened 0.5mm ,98.96,51
329,40x DRAM DDR DDR2 DDR3 Memory Module Case Box Holder Sodimm Packing Laptop ,88.49,0
330,1piece Replacement New Rubber Feet For Microsoft Surface Laptop 3 4 5 Bottom Case Foot Pad  1867 1868 1951 1958 Sliver  Black ,23.75,17
331,LDPCSJ M.2 NVME SSD Heastink with Nano Thermal Pads Copper Heat Sink Cooling Thermal Pad For M2 2280 SSD in Laptop ,75.73,32
332,"860 PCS Small Computer Screws Assortment Kit, Black Tiny Eyeglass Screws M1.2 M1.4 M1.7 M2 M2.5 M3, PC & Laptop SSD Hard Drive C ",345.22,40
333,New Original Laptop CPU Cooling Fan For Acer TravelMate P2 TMP215-52 G P214-52 P214-41 53 P215-53 P215-53G N19Q8 N19Q7 N19Q7C ,189.96,0
334,10Pcs Microfiber Cleaning Cloth for Laptop PC Computer TV Camera Lens Mobile Phone Screen Cleaning Wipes Glasses Cleaner Kit ,25.64,36
335,Notebook Protective Palm Keyboard Blanket Cover Microfiber Dustproof Film Laptop Screen Cleaning Cloth Macbook Pro 13/15/16 Inch ,58.28,54
336,New Original Top Case Lcd Cove Back Rear Lid A Cover for Lenovo Yoga 7-14 Yoga 7-14ITL5 7-14ACN6 SG 5CB1A08845 AM1RW000G10 ,664.86,14
337,New Genuine Laptop CPU GPU Cooling Fan For HP Victus 7/8 16-D 16-E TPN-Q263 Q264 M75721 M75723 M7572 ,201.75,0
338,New Laptop CPU Cooling Fan For Xiaomi mi air 13.3 FHQU FHQV FA05B12 460.0CE02.0001 DLT160707 01A01X07595 ,164.63,0
339,For Lenovo V14 G2 ALC ITL laptop screen back case bezel top cover frame shell 5CB1B96373 ,593.63,0
340,For Dell Latitude 5470 5480 5490 E5470 E5480 E5490 E5491 Laptop SATA Hard Drive HDD SSD Connector Flex Cable 080RK8 DC02C00B100 ,30.07,0
341,Microfiber Dustproof Cleaning Cloth Notebook Keyboard Blanket Cover Laptop Screen Cleaner Kit for MacBook Pro 13/15/16 Inch Pods ,28.02,0
342,Laptop CPU Cooling Fan BAZA0506R5H for SONY VAIO VJS132 VJS132C11T VJS132C0411B SX14 VJS14 VJS11 VJS122C11W VJS132C11N ,205.63,27
343,4PCS Laptop Rubber Feet For Lenovo Thinkpad P50 P51 P52 Bottom Shell Rubber Pad ,18.21,0
344,4Pcs Rubber Feet Foot for Thinkpad T470 T480 Laptop Feet Bottom Case Connectors Stock Feet Foot Replacement Part ,11.4,0
345,New Laptop Case for HP 250 G6 15-BS 15-BW 15-RA 15-RB 255 G6 TPN-C129 LCD Back Cover/Front Bezel/Palmrest/Bottom Case/Hinges Top ,352.69,29
346,Laptop tape for computer double-sided tape LCD screen top cover tape Fixed adhesive strip Battery tape 0.5mm thickness ,26.91,0
347,Mini USB Keyboards Vacuum Cleaner Computer Dust Blower Multi-purpose Vacuum Cleaner Laptop PC Computer Peripheral Cleaning Tool ,19.15,39
348,Easy Pull Glue For Laptop Screen Repair LCD Tape Display Assembly Refurbishing Double Sided Adhesive For Laptop Screen Repair ,53.78,0
349,HDD cable For Dell Inspiron 15 5558 5555 5559 P51F V3567 Laptop SATA Hard Drive HDD SSD Connector Flex Cable NBX0001QE00 0H5G06 ,31.5,0
350,20*20*6MM 2006 5v 12v 2CM 20MM Fan Blower Fan 6500RPM Ultrathin Fan Mini Laptop Fan 2Wire ,58.25,0
351,SSD M2 NGFF 500GB 980 EVO Plus 250GB Internal Solid State Drive 1TB Hdd Hard Disk 970 PRO M.2 2TB For Laptop Computer Sata Hd 1x ,236.22,0
352,10-200 Pcs Laptop Bottom Case Screws For Dell XPS 13 15 9343 9350 9360 9370 9380 7390 9550 9560 5510 Series ,40.84,11
353,Rotatable Laptop Stand Clamp Tablet Support Holder Bracket for Macbook Adjustable Desk Lazy Stand Multifunctional Storage rack ,2822.14,48
354,"External CD DVD Drive, USB 2.0 Slim Protectable External CD-RW Drive DVD-ROM Burner Player for Laptops Desktop PCs ",585.97,56
355,New For HP Pavilion 14 X360 14-BA 14M-BA 14M-BA013DX TPN-W125  Laptop LCD Back Cover 924270-001 924272-001 924269-001 ,299.19,0
356,For HP 15S-FR 15S-FQ 15S-ER ER EQ 15-DY EF TPN-Q222 TPN-Q230 Laptop lower cover rubber feet bottom shell foot rubber pad gasket ,56.99,0
357,Portable Mini Square 2.0 Speaker Usb Power Supply Box Mobile Phone Gifts Laptop Desktop Computer Sound System Special Price ,158.3,58
358,Windows PC Reference Keyboard Shortcut Sticker For Laptop Desktop MACBOOK Software ,106.31,51
359,NEW For HP 245 G8 14-CF 14-DK 14S-CR 14S-CF 240 G8 Back Cover LCD Case Front Bezel Hinge Palmrest Bottom Case Housing L24469-001 ,183.47,21
360,Disney Stitch Laptop Bag Case 13 14 15 16 17 15.6 Inch Notebook Bag For Macbook Air Pro Computer Shoulder Handbag Briefcase Bag ,377.84,45
361,MARKROYAL Vintage  Crazy Horse Leather Canvas Messenger Bags Laptop Briefcase Crossbody Satchel Bag Dropshipping ,1886.39,52
362,10-200pcs M2.5x6mm Laptop Bottom Case Screws For DELL Lenovo Acer Asus Notebook Bottom Screw Series ,58.89,24
363,4 In1 Screen Cleaning Kit For LCD LED Plasma TV PC Monitor Laptop Tablet Cleaner Household Cleaning Kit ,27.54,43
364,OIWAS 15 Inch Laptop Men Messenger Bag Fashion Travel Sling Shoulder Bag Men's Canvas Briefcase Male Crossbody Pack For Teenages ,1099.15,54
365,Wood Laptop Stand Foldable Computer Support Stand Fake Leather Adjustable Small Laptop Desk Book Laptop Table For Home Bedroom ,194.87,51
366,Mini Portable USB Fan Desk Fan Brushless Motor 360° Rotation Pocket Fan Mini Cool Fan Flexible Neck for Laptop or PC Versatile ,49.39,47
367,Snoopy Mouse Pad Anime Cartoon Non-slip Thickening Game Mouse Pad Home Office Desk Mouse Pad for Laptop Computer PC Accessories ,35.62,0
368,Computer Speakers PC Sound Box HIFI Stereo Microphone USB Wired Caixa De Som with LED Light For Desktop Computer & PC Laptops ,80.26,48
369,1Pair New Laptop Speaker Left and Right Built-in Speakers For Dell Latitude E5580 5590 5591 3520 3530 00YYM2 ,98.33,0
370,NEW for Acer Nitro 5 AN515-42 AN515-41 AN515-51 AN515-52 AN515-53 Rear Lid TOP Case laptop LCD Back Cover/Front Bezel/Hinges L&R ,633.2,15
371,WiFi 6E AX210 Bluetooth 5.3 M.2 Wireless Card AX210NGW 2.4Ghz 5Ghz 6Ghz 5374Mbps 802.11ax Wifi 6 Adapter For laptop PC ,653.74,67
372,5pcs Len Scratch Proof Privacy Camera Mask For iPad Web Laptop PC Macbook Thin Universal Webcam Cover Plastic Material ,173.18,68
373,Men Messenger Bag Fashion 14inch Laptop Oxford Waterproof Travel Shoulder Bag All-match Large Casual Single Bag for Male Handbag ,76.46,0
374,Causal Nylon Shoulder Man Bag Japanese Teenager School Laptop Sling Men's Bag Streetwear Travel Cross Bag Messenger Bags for Men ,406.89,0
375,Designer Handbags Japanese Simple Canvas Bags For Women 2024 Summer Fashion Tote Shoulder Bag Collage Student Book/Laptop Bag ,319.61,45
376,10Pcs Scraper Spoon For Laptop Computer CPU HeatSink GPU Cooling Thermal Grease Paste Scraper Tool ,4.91,0
377,2Pcs/Lot  Rubber Feet for Surface Book 1 Book 2 13.5 inch  Book 3 15 inch Silica Gel Strip  with Adhensive ,47.49,11
378,Japanese Sweet All Match Y2k Top-Handle Bags Korean Chic Casual Kawaii Women Handbags Girls Fashion Ins Cute Chain Laptop Case ,274.88,0
379,NEW Original Laptop Bottom Case Rubber Feet Corner Mat For HP Pavilion 5th 6th 15-DK 15T-DK 15-DK0000 TPN-C141 ,37.67,0
380,GOLF Professional Laptop Bag with Shoulder Strap Executive Briefcase Man Shockproof notebook 15.6 Handbag Men's Office Hand Bags ,463.85,0
381,Lifetime Warranty Fashion Messenger Bags Male Shoulder Bags 13.3inch Laptop Bag Outdoor Crossbody Bags For Men Cycling Bags Boys ,1076.45,54
382,Waterproof camera bag Backpack Large capacity Photo bag Batik Canvas camera lens case 15-inch laptop for Canon Nikon SONY ,752.48,0
383,New Case For HP 15-BW 15-BS 15T-BR 15T-BS 15Z-BW 250 G6 255 TPN-C129 LCD Back Cover/Bezel/US RU SP Palmrest Upper/Bottom/Hinges ,288.74,20
384,Magnetic Laptop Phone Holder Computer Monitor Side Cell Phone Stand Silm Foldable For Iphone 15 14 Series All Smartphone ,219.68,51
385,Laptop Backpack Women Casual Travel Backpack Water Resistant Anti Theft College Notebook Backpacks Business Back Packs for Work ,1078.71,51
386,Ins Flower Pattern Cute Laptop Sleeve Bag 11 13 14 15 Inch for Ipad Pro12.9 Notebook Tablet Pouch For MacBook Air 13.6 HP ASUS ,396.42,55
387,Study Women Laptop Backpack Boys Girls School Books Bags For Teenage Girls Kawaii College Student Kids Book Bag Rucksack ,366.43,73
388,100% Original HP OTG Type C USB3.2 USB Flash Drive Pendrive 256GB 128GB 64GB 2 in 1 U-disk for Laptop PC Media player Cellphone ,750.55,56
389,Black Waterproof Laptop Backpack For College Large Capacity Luxury Vintage Bag Mens Stylish Leather Backpacks Bag For Traveling ,611.04,0
390,Paste Mini Computer Speaker USB Wired Speakers Universal Stereo Sound Surround Loudspeaker For Computer Laptop Notebook ,88.97,0
391,4D Computer Speaker Bar Stereo Sound Subwoofer Bluetooth Speaker For Macbook Laptop Notebook PC Music Player Wired Loudspeaker ,929.52,52
392,Oxford Water Repellent Women Backpack Large Capacity School Girl Laptop Books Shoulder Bags Contrast Color Female Travel Satchel ,212.1,0
393,55PCS Pink Black Style Cool Cartoon Graffiti Stickers Phone Guitar Laptop Notebook Suitcase Cup Waterproof Sticker Decals ,183.69,67
394,Men's Shoulder Messenger Bag Large Capacity 13 Inch Laptop Computer Bag Handbag Waterproof Briefcase Oxford Cloth Crossbody Bags ,280.76,0
395,10 Pcs PC Laptop Keyboard Cleaning Brush Kit Small Tools Car Phone Dust Brushes Dust Cleaner Shaver Household Accessories ,156.83,54
396,GOLF Women's Backpack Convertible Shoulder Bag Ladies Aesthetic Backpacks with Laptop Compartments Secret Pocket 15.6 inch Large ,1616.26,61
397,"New 821-00184-A A1502 Touchpad Trackpad Flex Cable For Macbook Pro Retina 13"" A1502 Trackpad Cable 2015 Year ",40.69,0
398,HcanKcan Men's Crossbody Bag Waterproof Shoulder Bag Fit 13 Inches Laptop Waist Bag Large Capacity Messenger Bag Black Side Bag ,520.81,54
399,HDD cable For Dell Latitude 3480 3580 E3480 E3580 Laptop SATA Hard Drive HDD SSD Connector Flex Cable 0FD9M5 450.0A103.0011 ,61.73,0
400,NEW For Acer Aspire 3 A315-42 A315-42G A315-54 A315-54K A315-56 N19C1 Rear Lid TOP case laptop LCD Back Cover/Front Bezel ,348.26,15
401,New Simple Black Workwear Style Backpack Large Capacity Laptop Bag Fashion Students Bag Harajuku Unisex Business Travel Backpack ,38.94,0
402,Lifetime Warranty Backpack For Women 14 15.6inch Laptop Backpack Female Bag Women Shoulder Bags Girls Tote Bag Travel Backpacks ,1123.94,54
403,Corduroy Tote Bag Minimalist Underarm Women's Large Capacity Casual Shoulder Bag Student Classroom Laptop Bag ,437.29,55
404,Original T9400 T9550 T9600 T9800 T9900 Notebook CPU Laptop Processor Available For GM45 PM45 MCP79 Chipset Upgrade ,155.13,0
405,Laptop speakers for ASUS A556U A556 VM591U F556U X556U K556U speaker audio ,118.73,0
406,Vertical Ergonomic Gaming Mouse Wireless Rechargeable Gamer Mause Kit Optical 2.4G Mouse Computer PC Laptop Desktop USB Mice ,289.16,46
407,"Original A1278 Camera Cable For Macbook Pro 13"" A1278 15"" Wifi iSight Camera Cable MC700 MD101 MD103 2011 2012 Year ",45.21,0
408,Laptop CPU Cooling Fan EF50040S1-1C010-S9A DC5V 2.25W 4PIN SPS-L52034-001 DC28000N6S0SUO30A07T0000545 ,205.63,27
409,New Laptop CPU GPU Fan Cooler Radiator for Xiaomi NoteBook 15.6 Pro 171501-AQ 171501-AF 171501-FE Mx250 TM1701 181501 ,379.92,0
410,Battery Flex Cable For Dell Inspiron 15 5565 5567 P66F laptop Battery Cable Connector Line Replace 0G0FWX DC02002MM00 ,26.76,0
411,"NEW Laptop Touchbar  A2251 A2289  A2338 Replacement for MacBook Pro Retina 13"" ",808.13,0
412,"NEW A1534 Touchpad Trackpad Flex Cable 821-1935-A/07 821-00507-A For Macbook Retina 12"" A1534 Trackpad Cable 2015 2016 2017 Year ",26.28,0
413,Original A1706 A1989 A1707 A1990 Touch Bar With Cable For Macbook Pro Retina A2159 A2141 A2251 A2289 A2338 TouchBar 2016-2020 ,759.53,0
414,Laptop speakers for Dell inspiron 7548 7547 built-in speaker audio 05KR9K ,235.87,0
415,Y Store New Original For HP Envy 15-EP Series CPU GPU Cooling FAN TPN-Q237 M04777-001 M04776-001 100% Tested Fast Ship ,370.27,0
416,BOTTOMCASE New For MSI Vector GP76 11UG GP76 11UH GP76 12UH GP76 12UGS GP76 12UGSO GP76 12UHSO LCD Back Cover/LCD Bezel/Hinges ,1352.52,0
417,New Laptop Bottom Case Screws For MacBook Pro Retina A1706 A1989 A2251 A1707 A1990 A2141 A2442 A2485 A2681 Screws 2017-2022 ,22.6,0
418,Laptop Replacement Bottom Screws for Macbook Air A1369 A1370 A1465 A1466 B0KA ,8.87,0
419,New Laptop DC Power Jack Cable for HP ProBook 430 G8 HSN-Q27C ZHAN 66 PRO 13 G4 ,67.25,0
420,CPU Fan FD4010RL-5001 DC5V 0.2A New ,474.9,0
421,Original Thunderbolt 2 Cable Adapter Cord White Thunderbolt 2 Male to Male Connector 2M For Multimedia Monitor Data Cable ,235.87,0
422,GZEELE New CPU Cooling Fan For HP 15-BC 15-BC000 15-BC100 15-BC200 858970-001 15-BC011TX 15-BC012TX 15-BC013TX 15-BC217TX FAN ,78.83,0
423,For Acer ES1-132 C9NT ES1-132-C5XH A311-31 ES1-332 ES1-332-C136 ES1-332-C3V4 laptop SATA Hard Drive HDD SSD Connector Flex Cable ,188.06,0
424,New For DELL Vostro 3420 3250 3510 Inspiron 3511 3515 DC5V 0.5A Laptop CPU Cooling Fan 0RFF51 DFS5K12114464P DC28000WFF0 4-Line ,148.8,0
425,10Pcs Laptop Back Cover Small Screws for macBook Pro Retina A1398 A1425 A1502 ,35.13,0
426,"Laptop Motherboard 2011 2012 Year For Macbook Pro 13 A1278"" i5 i7 Logic Board 820-3115-B 820-2936-A 820-2936-B 2011 2012 ",972.02,0
427,"Electric Air Duster,Compressed Air Can For Computers,Laptop Keyboard Cleaning Dust,Hairs, Pc,Printer Purpose,Screen Cleaner ",949.65,60
428,"Original Left Right A1707 Loudspeaker Speakers For Apple Macbook Pro Retina 15"" A1990 A1707 Speaker 2016 2017 2018 2019 Years ",85.48,0
429,Lower cover rubber pad for Samsung Galaxy Book Pro 950XDB 930/935XDB QDB laptop bottom shell foot pad ,140.89,0
430,"Original New Left Right A1707 Loudspeaker Speakers For Apple Macbook Pro Retina 15"" A1990 A1707 Speaker 2016 2017 2018 2019 Year ",113.02,0
431,Cpu Fan For FOR Clevo 6-31-W370S-101 6-23-AW15E-011 AB7905HX-DE3 K650D K650C K590S K660E K610C G150S G170S K750S W150 W370 W350 ,80.89,0
432,New CPU Cooling Fan For Intel NUC NUC5i7RYH NUC6i3SYH NUC6i3SYK NUC6i5SYH NUC6i5SYK NUC7i3BNH NUC7i3BNK NUC7i5BNH Mini PC ,100.52,0
433,"Original New Right and Left Speaker For Macbook Pro 16.5"" A2141 Loudspeaker 2019 Year Tested Ok ",161.63,11
434,5V GPU CPU Cooling Fan For Acer Nitro 5 AN515-43 AN515-54 AN517-51 Nitro 7 AN715-51 N18C3 Aspire A715-74G A715-75G -55XU N19C5 ,298.87,0
435,New Original Laptop Cooling Fan For TOSHIBA Tecra A50-C SATELLITE PRO A50-C R50-C R50-EC A50-E B65 L50-D Fan FGHV DFS160005040T ,145.64,0
436,New Genuine Laptop DC Power Jack for Lenovo Ideapad 320S-13IKB 7000-13 5C10P57048 ,49.95,0
437,4 in 1 USB Type C MS Card Reader USB C MS Pro Duo Memory Card Reader OTG Adapter for MS/MS Pro/MS Duo/SD/TF/U Disk/Mouse/Laptops ,85,0
438,For lenovo G50-30 G50-45 G50-70 G50-80 Z50-80 Z50-30 Z50-45 Z50-70 Bottom Base Cover LOWER Case AP0TH000800 AP0TH000B10 ,134.77,0
439,Autumn Stickers  Animals Leaves Pumpkins Plants Clothes Decals DIY Skateboard Laptop Luggage Cup Motorcycle Phone PVC Waterproof ,66.17,22
440,For Acer Aspire 5 A315-41 A515-51 A515-51G A315-53 A315-53G A515-41 A515-41G A615-51 N17C4 LCD Back/Bezel/Palmrest/Bottom Cover ,395.75,0
441,"Laptop A2337 Internal Screw set For Macbook Air 13"" M1 A2337 Screws Replacement EMC 3598 2020 Year ",56.51,0
442,Laptop CPU Cooling Fan FL06 DC5V 0.5A DFS150705BR0T EP for Lenovo Yoga 530-14IKB 530-14ARR Flex 6-14IKB 6-14ARR ,246.95,27
443,New Laptop Speaker Set For Lenovo Thinkpad T440P 04X5398 ,150.39,0
444,New Cpu cooling fan for Lenovo Ideapad 3-15IIL05 3-15ITL05 V15-IIL V15-ADA V15-IKB V15-IWL Notebook Cooler Radiator ,82.16,0
445,New For Dell Inspiron 15 G7 7577 7588 CPU /GPU Cooling Fan 02JJCP ,155.97,13
446,Waterproof Crossbody Bag Men Large Capacity 15 inch Laptop Fashion Shoulder Bag Solid Black Light Portable Anti-theft Zipper Bag ,742.43,55
447,New For Dell XPS 15 9560 Precision 5520 M5520 Series Laptop Upper Case Palmrest Cover C Shell Black Y2F9N 0Y2F9N 086D7Y ,705.68,0
448,New Laptop CPU Cooling Fan For HP 15-CC 15-CK 14-BK 14-BP TPN-Q191 TPN-Q201 TPN-Q189 ,143.56,0
449,For ACER for Aspire 5750G V3-571G 5750 5755 5755G 5350 P5WEO E1-531G E1-571G V3-551G Cooling Fan Q5WS1 MF60090V1-C190-G99 ,65.53,0
450,777286-001 759250-001 796853-001 Original For HP DL380 DL388 G9 Gen9 Server High Performance Cooling Fan Cooler Fan Radiator ,316.29,54
451,Ethernet Cable Cat6 Gigabit High Speed 1000Mbps Internet Cable RJ45 Shielded Network LAN Cord for Laptop Router PC PS5 4 3 Xbox ,222.16,57
452,New Laptop Bottom Case Screws For MacBook Pro Retina A1706 A1708 A1707 A1990 A2338 A2337 A2141 A2442 A2485 A2681 Screw 2017-2022 ,201.12,65
453,cable For Toshiba C70 C70-D C70-A C75-D C75-AL75-ds70aS75 laptop LCD LED Display Ribbon Camera cable DD0BD5LC000/DD0BD5LC020 ,77.57,0
454,"A1398 Internal Speakers Left + Right Replacement for Macbook Pro 15"" A1398 Speaker Repair Part Fix Sound Muffled Buzz ",183.63,0
455,NEW Laptop LCD EDP Cable For Acer Aspire 3 A315-33 A315-41 A315-53 A315-53G DH5JV DC020032400 ,72.82,0
456,For Dell Inspiron 13 7000 7347 7348 7352 7353 7359 Laptop SATA Hard Drive HDD SSD Connector Flex Cable 0VK4H9 0MK3V3 ,31.5,0
457,New Russian/US/UK/Spanish/Latin laptop Keyboard for HP 14-CM 14-CK 14T-CM000 14-CK0001TU 14q-cs0000TU with Palmrest upper Cover ,854.83,13
458,For GARMIN Forerunner 645 Music Back Cover Case Forerunner 645M Rear Cover Case With / Without Sensor Replacement Part Repair ,474.7,0
459,New Laptop Cooler CPU GPU Cooling Fan For ASUS R541U D541S A541 A541L F541UJ X541S SA SC UV VM592U ,115.29,0
460,Grwibeou DisplayPort To VGA Adapter 1080P Display Port DP Male to VGA Female Converter For PC Projector DVD TV Laptop Monitor ,31.34,41
461,Hagibis 3.5inch IPS Mini Screen AIDA64 Mini PC CPU RAM HDD Data Monitor Display Sub Screen with USB C Hub for Laptop PC MacBook ,2106.47,52
462,GPU CPU Cooling Fans For ASUS FX95D FX86 FX95G FX505DD FX505DT FX505DY FX505GD FX505GE FX505GT FX705G  A15 FA506 IV FA506IU ,214.03,0
463,New For MSI GF75 Thin 8RC 8RCS 8RD 9RC 9SC 9SD MS-17F3 MS-17F2 MS-17F1 Laptop CPU Cooling Fan PAAD06015SL N415 ,173.97,0
464,NEW Genuine Laptop Wifi Antenna Cable For DELL Inspiron 15P 7000 MASTER 15 5577 5576 7557 7559 DQ6Z15G2200 ,96.05,0
465,HDD cable For lenovo ThinkPad E470 E475 E470C laptop SATA Hard Drive HDD SSD Connector Flex Cable NBX0001HY00 01EN236 ,30.07,0
466,Video cable For HP 5plus 17-CD 17-CD0008TX 17-CD0020NR 17-CD0090NR TPN-C142 TPN-C144 laptop LCD LED Display Ribbon Camera cable ,128.54,0
467,13” 15” Left / Right A1278 A1286 A1502 A1425 A1398 Laptop Speaker for MacBook Pro  A1278 A1286 A1502 A1425 A1398 ,120.15,0
468,Original Laptop Touchpad Touch Pad Mouse for Dell Inspiron 14 3542 3541 3549 3543 3441 3442 3443 3446 TM-02985 ,75.98,0
469,"Original Left / Right Side Laptop Speaker For Macbook Pro 17"" A1297 Speaker 2009 2010 2011 Years ",235.07,0
470,"Original New Battery Flex Cable 821-00614 For Macbook Pro Retina 13"" A1708 A2159 A2289 A2338 2016 2017 2019 2020 Year ",10.77,0
471,1 in 4 Out HDMI-Compatible Splitter HD 4K Video Switcher HDMI Cable Adapter 1x4 Hub For PS4 Laptop Monitor TV Box Projector ,97.36,37
472,New Genuine Laptop DC Power Jack for HP TPN-Q286 Q287 15-FD 15-FC DD00PDAD040 ,105.68,0
473,New Laptop HDD Cable for Acer Aspire R11 R3-131 R3-131T 450.06503.0012 SATA HDD Hard Disk Drive Connector Cable ,94.82,0
474,New Laptop CPU Cooler NS85B13-17K23 6033B0062501  DC05V 0.50A Four Lines Cooling Fan ,280.19,0
475,A2141 Speaker Set for Macbook Pro Retina 16'' A2141 EMC 3347 Mid2020 Late2019 Year Left and Right internal Speaker Kit ,271.26,0
476,New Original Laptop CPU Cooling Fan For MSI MS-16J9 MS-16JB  GE62VR GL62M PAAD06015SL N402  0.55A 5VDC 4pin ,140.89,0
477,New for Dell 5593 5594 15 3505 0DXKT3 SATA hdd cable NBX0002KX00 ,41,0
478,For ThinkPad L480 L490 EL480 Innovative And Practical Laptop SATA Hard Drive HDD SSD Connector Flex Adapter Cable ,26.59,38
479,Laptop shell frame for MSI Modern 15 M15 MS-1551 1552 155K top cover bezel palm rest bottom case hinge upper lower cover hinge ,447.99,0
480,0HGJYH HGJYH Laptop Speaker For DELL For Inspiron 5401 5408 5409 023.400KI.0001 New ,221.62,0
481,Free shipping NEW for samsung NP300E5K 300E5M 3500EM 300E5L 3500EL power button board BA92-16330A ,170.49,0
482,"Q20 20-in-1 Cleaner Kit For Keyboard, Earbud, Laptop, Phone Charging Port & Screen, Camera Lens, Computer Electronic Cleaner Kit ",41.16,11
483,"2020 Year Laptop A2179 Headphone Audio Jack Board with Flex Cable 820-01992-A 821-02788-A For MacBook Air 13"" EMC 3302 ",201.18,0
484,DC Jack Cable Power Connector For Dell Inspiron 3467 3476 3567 3576 ,90.42,0
485,New CPU Fan for Lenovo IdeaPad Gaming 3-15IAH6 3-15IHU6 3-15ACH6 Cooling Fan DFS5M325063B1H DFS5K12B159A1H ,200.41,10
486,For HP G4-1000 1000 2000 450 455 640 650 Cq45 TPN-L105 TPN-L106 laptop SATA Hard Drive HDD Connector Flex Cable 6017B0362201 ,37.84,0
487,Solid Color Mouse Pad PC Laptop Mouse Mat Wristband Support Wrist Environmental Protection EVA Notebook Computer Gaming Desk Pad ,16.78,37
488,0V976R New Original For DELL Latitude 5400 5500 5401 5501 Laptop Internal Webcam Camera Module V976R CN-0V976R High Quality ,171.1,36
489,Laptop Bottom Case Rubber Foot Strip Pads for HP Pavilion X360 14-CD TPN-W131 15-CS 15-CW TPN-Q208 TPN-Q210 14-CE TPN-Q207 13-AN ,183.31,36
490,10/30/50Pcs Popular Games skyrim  Stickers For Snowboard Laptop Luggage Car Fridge DIY Styling Vinyl Home Decor Stickers ,203.4,85
491,Original Laptop CPU Cooling Fan for Lenovo E431 E440 E531 E540 Heatsink Cooler Radiator ,186.8,0
492,New original hdd cable For Acer Aspire A517-51 A517-51G A517-51P d7w01 hard driver connector cable DC02C00GE00 ,113.98,0
493,New Laptop CPU GPU Cooling Fan for Surface Laptop Studio 2023 year ND55C0G 23A05 13N4-14B2E41 ND55C0F 23A04 13N4-14B2D41 DC 5V ,506.56,0
494,Laptop SSD A1708 1TB 1T 512GB 256GB PCI-E Flash SSD for MacBook Pro 13” 2016 2017 Function Keys Solid State Drive ,1107.95,0
495,Base Bottom Shell Lower Lid Case D Cover For Lenovo Ideapad 5 15 ITL05 IIL05 ALC05 ARE05 5CB0X56068 5CB0X56069  5CB1B39012 ,350.32,15
496,Y Store New For HP DL360 G10 Gen10 Heatsink 867650-001 873588-001 872452-001 Cooling Fan 873580-001 867653-001 875283-001 ,805.76,0
497,CPU GPU Cooling Fan for ASUS ROG Strix G513 G513QR G713 G713QR G533QR G733QS Notebook Radiator 13NR0540P02011 13NR0540P01011 ,281.78,28
498,Core i7 2760QM SR02W 2.6GHz Quad-Core Eight-Thread Laptop CPU notebook Processor 45W Socket G2 / rPGA988B ,283.52,0
499,New for MSI GF63 GF63VR MS-16R1 MS-16R3 GF65 MS-16W1 Laptop Accessories LCD Back Cover Top Case/Front Bezel ,560.69,0
500,10/60Pcs Funny Cartoon Pink Bookish Reading Book Stickers for Laptop Water Bottle Luggage Phone Waterproof Graffiti Vinyl Decals ,38.78,50
501,DisplayPort DP to DVI Adapter Connecto Cable Conversion Line 1.8M FHD 1920*1080P For Desktop Laptop PC TV Monitor Projector ,248.7,57
502,New Left / Right A1398 Speaker for MacBook Pro 15.4“ Retina A1398 Internal Speakers 2012 2013 2014 2015 ,199.3,43
503,"A1311Hard Drive HDD Temperature Temp Sensor Cable 2009~2010 Year 593-0998 593-1229 For iMac 21.5"" SuperDrive Thermal Cable ",71.24,0
504,DC Power Jack with cable For Dell Latitude 3480 3488 3580 3588 P79g Laptop DC-IN Charging Flex Cable ,31.5,0
505,New CPU Cooling Fan for HP 14-ce1004tx 14-ce1005tx 14-ce1006tx Laptop Fan L26368-001 ,166.53,10
506,NEW For Aspire 5 A515-52 A515-52G A515-52K A515-43 A515-43G N19C3 LCD Back Cover Laptop Top Case Front Bezel Bottom Case ,711.97,0
507,Laptop Speakers for SAMSUNG NP300E4A 3430EA 305E4A 305V4A NP300E4X NP300E4C 300E43 Built-in Speaker Left +Right ,110.49,0
508,For lenovo V310 V310-14 V310-14ISK laptop LCD LED Display Ribbon cable DD0LV6LC004 DD0LV6LC003 DD0LV6LC014 DD0LV6LC013 ,77.57,0
509,For import USB2.0A Female Double-layer A female base 90 degree bend foot desktop computer 2.0 dual USB interface ,129.69,0
510,For Shuttle XH170V Slim PC Computer APISTEK SA61O2U SA6102U PFGA 60*60*10MM 60x60x10mm 60mm 6CM 4Pin Cooling Fan ,205.55,0
511,New Original Laptops SATA HDD SSD Cable For Acer N20C1 Nitro 5 AN515-45 N18C3 N515-44 AN515-55 AN515-57 AN715-74G NBX0002HK00 ,61.9,0
512,New lcd lvds cable For Dell Inspiron 14 5480 5482 5488 03J5DW 3J5DW BENSOLO14 EDP CABLE 450.0F901.0021 .0021. 0001 .0011 ,126.64,0
513,DC Power Jack with cable For HP14s-fr1000AU 14s-dq 14 S-dk0123au TPN-Q242 Laptop DC-IN Charging Flex Cable ,31.5,0
514,New Laptop LCD Display Cable For DELL Inspiron14 5401 5402 5408 5409 5510 VOSTRO 5401 5405 DP:0PWF78 ,223.79,0
515,New Laptop Speaker Left and Right Built-in Speakers For HP OMEN Rro 15-AX 15-DP 15-BC TPN-Q173 ,63.16,14
516,"Original Lower Base Case Bottom Cover For Macbook Pro Retina 13"" A1502 2013 2014 2015 Years ",135.35,0
517,For  FX95D FX86 FX95G Cooling fan FX505DD FX505DT FX505DY FX505GD FX505GE FX505GT  CPU GPU FX705G FX505D Cooling Fan ,220.98,0
518,"New 821-03286-A for MacBook Pro Retina 16"" M1 A2485 Mic. Microphone Flex Cable Late 2021 Year ",47.33,0
519,New Replacement DC Power Jack Cable For HP Pavilion 15-CB 15-CB045WM 15-CB035WM 15-CB007TX 926430-001 922575-SD5 FD5 YD5 TD5 ,44.17,0
520,New Laptop CPU Cooler Fan for WINMA EGC-60050V1-102-1 6-31-N14WS-102-1 DC 5V 0.5A 4PIN ,202.62,0
521,6pins 3.5mm 30cm Type A New Flex cable AWM 20706 105C 60V VW-1 20706 or Other Same Side contact ,93.24,22
522,Wireless WiFi Bluetooth Card Flex Cable for MacBook Pro A1278 A1286 A1297  821-1312-A 821-1311-A 821-0961-A ,32.55,0
523,New CPU Cooling Fan For Dell Inspiron 13 5368 5378 5379 7378 7379 7368 Cooler Fan 01RX2P 031TPT Laptop ,138.99,10
524,New Genuine Laptop DC Power Jack for DELL 3511 V3400 3401 3405 3510 P132G 0XHV65 ,26.87,0
525,Video screen Flex cable For Dell Dell Inspiron 7737 17 7000 laptop LCD LED Display Ribbon Camera cable 026T0V 50.48L06.011 D0H70 ,111.29,0
526,Dual band Wireless Hackintosh BCM94360NG WIFI Card NGFF M.2 1200Mbps Bluetooth4.0 BCM94352Z NGFF 802.11ac Wlan Adapter DW1560 ,976.56,56
527,New Laptop CPU GPU Cooling Fan For HP OMEN 7 OMEN 8 16-B 16-C TPN-Q265 TPN-Q267 M75487-001 M75488-001 M75483-001 M75485-001 ,303.63,0
528,For  Vertical in-line Displayport socket DP socket 20P gold-plated HD interface HDMI socket ,118.3,0
529,New Original Laptop Cooling Fan FOR ASUS Rog Ally (2023) RC71L ,148.01,0
530,"Tested Original A1465 I/O USB Audio Board For Macbook Air 11"" A1370 A1465 Power DC Jack 2010 2011 2012 2013 2014 2015 Year ",254.54,0
531,Laptop GPU Cooling Fan PAAD06015SL 0.55A 5VDC N371 4Pin for MSI GE62VR GL62M ,158.3,27
532,New Genuine Laptop SATA SSD HDD Cable for Dell Latitude 5400 5401 5410 5411 E5400 E5401 E5410 E5411 DC02C00K000 0M9XKG ,44.19,0
533,Genuine FOR Dell Alienware X14 LCD SCREEN CABLE 08FP96 LF-L382P ,787.86,0
534,New Laptop Cooling Fan For DELL Latitude E7250 P22S 4T1K3 CN-04T1K3 ,232.39,0
535,"Laptop A2179 Trackpad Keyboard Connector Daughter Board For Macbook Air 13"" Early 2020 EMC3302 Touchpad Keyboard Connector Board ",282.34,0
536,New Laptop CPU Cooling Fan For ASUS X407 X407UB A407U F407 X507U A507 Y4000 Y4000U Y4000UB Y5000/U/UB F507 X507UBR F507U X507 ,122.23,0
537,NEW Shell For ACER A315-42 A315-42G A315-54 A315-54K A315-56 EX215-51G N19C1 LCD Top Case/Bezel Cover/Bottom Base Cover ,176.32,0
538,Laptop LCD Cable for Dell Latitude E6530 QALA0 LVDS CABLE CH1 LCD 40PIN 0G4J1F G4J1F DC02001DZ00 ,113.98,0
539,Laptop LCD LVDS Cable For DELL Inspiron 15R 5520 7520 5525 P25F 0CNNGH CNNGH DC02001IC10/DC02001GD10 ,96.24,0
540,CPU Cooling Fan for ASUS X556U X556UQ X556UR K556U K556UJ K556UQ A556U FL5900 FL5900U FL5900UQ FL5900UB X556 X556UB X556UF ,96.63,0
541,New Genuine Laptop SATA SSD HDD Cable for Dell Latitude 3420 E3420 0K8TGP K8TGP 061CCY 61CCY 450.0NF0D00001 ,176.78,0
542,new For Lenovo ThinkBook 15 G2 G3 ITL ACL Laptop Audio Left Right Speaker 5SB0S31939 PK230012800 ,223.05,0
543,DC Power Jack with cable For Lenovo IdeaPad 300-14ibr 14isk 15ibr 15isk Laptop DC-IN Charging Flex Cable ,31.5,0
544,New Original CLEVO W670SRQ LVDS CABLE (FOR FHD) 6-43-W6701-011-L 6-43-W6701-011-1N 40P to 20454-40P ,411.58,0
545,"DC-IN I/O USB-C Charging Power DC Jack Board Connector with Cable 821-00077-A For Macbook Retina 12"" A1534 2015 Year ",176.32,0
546,CPU GPU Cooling Fan For HP OMEN 15-EK 15-en TPN-Q238 TPN-Q236 Fans Cooler Radiator M04216-001 ND8CC02-19j22 19j23 M04215-001 ,157.51,0
547,Quadro K1100 K1100M N15P-Q1-A2 2GB Video Graphics Card With X-Bracket For Dell HP iMac A1311 2010 2011 A1312 2009 2010 2011 year ,395.59,0
548,New CPU GPU Cooling Fan For HP OMEN 16-B 16-C TPN-Q265 Q267 M75487-001 M75488-001 M75483-001 M75485-001 ,195.66,0
549,Original Foxlink X892 GoldenEye Dongle Adapter Golden Eye Cable for Apple TV 4K ,444.51,0
550,"Original A2681 Trackpad for MacBook Air Retina 13.6"" Touchpad Grey Silver Gold Blue Color M2 A2681 EMC4074 2022 Year ",767.28,0
551,New Laptop Speaker For Lenovo Ideapad S540-14IWL 14IML 14WL 14API Air14 2019 Year 5SB0S31875 PK23000YS00 ,104.32,0
552,CPU Cooling Fan Cooler for hp Probook 4530S 4535S 4730S 6460B 8470P 641839 001 ,46.54,0
553,For ASUS TUF A15 F17 FX506 FA506 FX706 FA706 FA506IU FA506IV FX506L FX706LI laptop SATA Hard Drive HDD SSD Connector Flex Cable ,50.97,0
554,SATA Hard Drive HDD Connector Cable For Acer 5 AN515-45-56-57 AN517-41-53 AN517-54 Hard Disk Port Hard Disk Cable ,43.53,35
555,1/5/10/20 Pcs Webcam Cover Laptop Camera Cover For Macbook Tablet iPad PC Mobile Phone Slider Anti Spy Lenses Privacy Sticker ,34.19,53
556,NEW Laptop LCD Cable For Acer E5-476 E5-475G K40-10 TMP249-MG TX40-G2 K40-10 N16Q1 30pin DD0Z8VLC012 DD0Z8VLC010 DD0Z8VLC002 ,79.46,0
557,"Original I/O Board USB HDMI SD Card Reader For Macbook Pro Retina 15"" A1398 2012-2015 Year 820-3071-A 820-3547-A 820-5482-A ",112.71,0
558,100PCS CM flat head screw suitable laptop hinge screw ssd screws Hard disk bracket screws Screen axis screw ,25.33,0
559,FOR  Acer 5742G 5552G 5741G 5251 NV59C 5733 5551G laptop speaker ,35.65,0
560,New CPU Fan For HP 15-DU 15-DW 15s-du 250 G8 TPN-C139 Cooling Fan L52034-001 DC28000N6F0 DFS5K12114464N Laptop ,142,10
561,FOR UX560UX Q534UX UX560UA USB Audio SD Card Reader Port Board with Cable UX560UX_IO test good free shipping ,292.54,0
562,New FP530 UHD EDP CABLE for Lenovo ThinkPad p53 UHD 3840 * 2160 4K LCD screen cable DC02C00FW10 5C10S73178 ,139.3,0
563,"New Laptop A1278 Left and Right Speaker For MacBook Pro 13"" Early/Late 2011 Mid A1278 Speaker 2012 Year Replacement ",99.41,6
564,"New A1407 Thunderbolt Display Cable for 27"" Display 922-9941 All-In-One assembly 2011 2016 Year MC914 ",1582.85,0
565,New For ASUS UX310 UX310U RX310 RX310U U310U Hinges Shaft Cover Notebook ,185.21,0
566,New Laptop Fix Speaker for ACER Aspire 5536 5738 5338 5538 5542 5740 5740G MS2265 Built-in Speaker  JV50-L 23.40536.002 ,163.05,0
567,2 In 1 SD TF Memory Card OTG Adapter USB C to SD/TF Card Reader For Huawei Xiaomi iphone Macbook Laptop Data Transfer Converter ,34.51,33
568,Essager 8-in-1 USB Hub With Disk Storage Function USB Type-c to HDMI-Compatible Laptop Dock Station For Macbook Pro Air M1 M2 ,1104.01,58
569,Laptop Lan-case Card Buckle Cover Caps for ASUS k56 k56c k56cm s56 a56c S550C R505C A46C E46C K46C S46C E46 K46 New ,181.1,0
570,1Pc Battery Cable For Latitude 7470 E7470 Battery Line 049W6G 49W6G DC020029500 Laptop New Battery Cable ,15.19,0
571,New Laptop Power switch board for HP 13-A 13-AC 15-U 14-A DA0Y62PB6B0 ,57.65,0
572,Laptop Cpu Cooling Fan for HP 6033B0043801 14-AF 14-AC 14-AD 14-AF110NR 14-AF180NR 813507-001 EF60070S1-C180-S9A NS55B00-14M05 ,105.09,0
573,Laptop Bottom case For ACER For Aspire 5733 5250 Base Cover D Case Black ,203.08,0
574,New original Camera for lenovo thinkbook 14s-IWL IML ARE Webcam board 01HW046 SC20F27085 ,151.45,0
575,New Original Laptop CPU GPU Cooling Fan For DELL Precision 7530 M7530 7540 P74F ,303.94,0
576,NEW Original CPU GPU Cooling Fan For Lenovo Y9000X R9000X 2021 S7-15ACH6 5F10S13971 12V ,387.84,0
577,For Dell G3 3500 G5 5500 450.0K705.0001 Laptop DC Power Jack Charging Cable 0PRV65 ,45.91,0
578,SEC 8G 2RX8 PC3 12800S DDR3 8GB 1600Mhz Laptop Memory 8G PC3 12800S 1600 MHZ Notebook Module SODIMM RAM ,110.65,0
579,Core 2 Duo T9300 SLAQG SLAYY CPU Laptop Processor 2.5 GHz Dual Core Dual Thread 6M 35W Socket P Laptop Processor For GL40 ,125.06,0
580,Battery Flex Cable For Dell Latitude 13 5300 2-IN-1 E5300 P97G laptop Battery Cable Connector Line Replace 0G0PMP 450.0G305.0021 ,28.33,0
581,New GENUINE For Dell Precision 3520 Latitude 5580 5590 5591 L&R SPEAKER SET ASSEMBLY - 0YYM2 00YYM2 ,149.43,0
582,"SATA HDD Hard Drive Connector Adapter Cable HS460 for Lenovo IdeaPad 3-14ADA6,3-14ALC6, 3-14ITL6 V14 G2-ITL V14 5C10S30217 ",53.66,0
583,"Laptop A1932 Headphone Audio Jack Board with Flex Cable 820-01124-A/04 821-01528-A For MacBook Air 13"" EMC3184 2018 2019 ",38.43,0
584,NEW Shell For Lenovo Z51 Z51-70 V4000 500-15 Y50C LCD Top Case/Bezel Cover/Palmrest Upper Case/Bottom Base Cover ,238.03,0
585,New For Acer E1-410 hdd cable hdd connector cable ,32.61,0
586,SATA Connector Hard Drive Cable Interface ForLenovo-ThinkPad S3 GEN2 L14 E14 Gen12 Notebook Hard Drive Adapter NBX0001HY10 ,19.94,0
587,New laptop for Acer Aspire 5741G 5742G 5552G 5551 5552 5251 5250 5252 5741 5742 5733 5336 5736 Built-in Speaker PK23000DC00 ,109.23,0
588,"Original A2337 Audio Jack Board with Flex Cable 821-03452-01 for Macbook Air 13"" A2337 M1 Headphone Jack Board Late 2020 Year ",448.94,0
589,1pc Hard Drive Interface Cable For Dell Latitude 5550 E5550 Laptop SATA Hard Drive HDD Connector Flex Cable DC02C007700 0KGM7G ,25.17,0
590,2020M CPU SR0U1 SR184 2.4 GHz Dual-Core Dual-Thread Laptop Processors 2M 35W Socket G2 / rPGA988B ,51.45,0